"sem_nro","semilla","escenario","escenario_codigo","ganancia","delta_ganancia_vs_B100","AUC","delta_AUC_vs_B100","registros","reduccion_registros_pct","tiempo_min","ahorro_tiempo_pct"
1,198427,"100%","B100",19.238,0,0.9535994,0,179449,0,14.03,0
1,198427,"40%","U040",19.404,0.166,0.9521889,-0.00141049999999998,72585,59.5511816727873,11.34,19.1732002851033
1,198427,"10%","U010",19.238,0,0.9507084,-0.00289099999999998,19447,89.1629376591678,8.85,36.9208838203849
1,198427,"5%","U005",19.071,-0.166999999999998,0.9494744,-0.00412499999999993,10524,94.1353810832047,8.96,36.1368496079829
1,198427,"1%","U001",18.155,-1.083,0.9413423,-0.0122571,3495,98.0523714258647,7.13,49.1803278688525
2,955939,"100%","B100",21.153,0,0.9542267,0,179449,0,15.03,0
2,955939,"40%","U040",20.654,-0.498999999999999,0.9509865,-0.00324020000000003,73247,59.1822746295605,10.42,30.6719893546241
2,955939,"10%","U010",21.07,-0.0829999999999984,0.9494909,-0.00473579999999996,19548,89.1066542583129,8.56,43.0472388556221
2,955939,"5%","U005",20.57,-0.582999999999998,0.9494527,-0.00477399999999994,10678,94.0495628284359,7.5,50.0998003992016
2,955939,"1%","U001",20.404,-0.748999999999999,0.9420844,-0.0121422999999999,3505,98.0467988119187,6.93,53.8922155688623
3,602257,"100%","B100",22.403,0,0.9522136,0,179449,0,13.85,0
3,602257,"40%","U040",22.403,0,0.9518661,-0.000347499999999945,72917,59.3661708897793,11.28,18.5559566787004
3,602257,"10%","U010",22.403,0,0.9509978,-0.00121579999999999,19355,89.2142057074712,8.74,36.8953068592058
3,602257,"5%","U005",21.487,-0.916,0.9490896,-0.00312400000000002,10463,94.1693740282754,8.25,40.4332129963899
3,602257,"1%","U001",21.403,-1,0.944867,-0.00734659999999998,3460,98.0718755746758,7.74,44.115523465704
4,191099,"100%","B100",19.821,0,0.9528777,0,179449,0,13.86,0
4,191099,"40%","U040",22.236,2.415,0.9525962,-0.000281500000000046,72876,59.389018606958,12,13.4199134199134
4,191099,"10%","U010",20.82,0.998999999999999,0.9496553,-0.00322240000000007,19667,89.0403401523553,8.31,40.04329004329
4,191099,"5%","U005",21.07,1.249,0.947067,-0.00581070000000006,10696,94.0395321233331,7.68,44.5887445887446
4,191099,"1%","U001",20.487,0.665999999999997,0.9385181,-0.0143596,3483,98.0590585626,7.08,48.9177489177489
5,895651,"100%","B100",17.572,0,0.952001,0,179449,0,16.34,0
5,895651,"40%","U040",18.988,1.416,0.9535981,0.00159710000000002,72782,59.4414011780506,10.86,33.5373317013464
5,895651,"10%","U010",19.821,2.249,0.9517325,-0.000268500000000005,19547,89.1072115197075,8.67,46.9400244798042
5,895651,"5%","U005",17.572,0,0.9491556,-0.0028454,10623,94.0802122051391,8.04,50.7955936352509
5,895651,"1%","U001",23.902,6.33,0.9435774,-0.00842359999999998,3394,98.1086548267196,7.6,53.4883720930233
6,683731,"100%","B100",22.902,0,0.9536511,0,179449,0,15.69,0
6,683731,"40%","U040",22.986,0.0839999999999996,0.9516445,-0.00200659999999997,72662,59.5082725454029,11.36,27.5971956660293
6,683731,"10%","U010",22.902,0,0.9514523,-0.00219879999999995,19490,89.1389754191999,8.21,47.6736775015934
6,683731,"5%","U005",22.069,-0.833000000000002,0.948154,-0.00549709999999992,10633,94.074639591193,7.41,52.7724665391969
6,683731,"1%","U001",23.319,0.416999999999998,0.9424497,-0.0112014,3475,98.0635166537568,6.81,56.5965583173996
7,742801,"100%","B100",19.738,0,0.9538042,0,179449,0,15.74,0
7,742801,"40%","U040",20.654,0.916,0.9533309,-0.00047330000000001,73072,59.2797953736159,10.57,32.84625158831
7,742801,"10%","U010",19.571,-0.166999999999998,0.9499828,-0.00382139999999997,19429,89.1729683642706,8.11,48.4752223634053
7,742801,"5%","U005",20.321,0.583000000000002,0.9483484,-0.00545580000000001,10522,94.1364956059939,7.4,52.9860228716645
7,742801,"1%","U001",17.989,-1.749,0.943947,-0.00985720000000001,3511,98.0434552435511,7.51,52.287166454892
8,119993,"100%","B100",21.07,0,0.9526534,0,179449,0,12.42,0
8,119993,"40%","U040",19.821,-1.249,0.9531401,0.000486700000000062,72706,59.4837530440404,10.41,16.1835748792271
8,119993,"10%","U010",21.82,0.75,0.9488472,-0.00380619999999998,19410,89.1835563307681,8.21,33.8969404186795
8,119993,"5%","U005",22.986,1.916,0.9500365,-0.00261690000000003,10600,94.0930292172149,7.96,35.9098228663446
8,119993,"1%","U001",21.32,0.25,0.9406951,-0.0119583,3403,98.1036394741681,7.44,40.0966183574879
9,299993,"100%","B100",24.068,0,0.9522531,0,179449,0,20.57,0
9,299993,"40%","U040",24.235,0.166999999999998,0.9519108,-0.000342300000000018,72787,59.4386148710776,9.68,52.9411764705882
9,299993,"10%","U010",20.154,-3.914,0.9511079,-0.00114519999999996,19328,89.2292517651255,8.64,57.997083130773
9,299993,"5%","U005",19.321,-4.747,0.9506772,-0.00157589999999996,10706,94.0339595093871,7.78,62.1779290228488
9,299993,"1%","U001",24.318,0.25,0.9425672,-0.00968589999999991,3546,98.02395109474,6.88,66.5532328633933
10,480013,"100%","B100",22.486,0,0.9550061,0,179449,0,13.45,0
10,480013,"40%","U040",21.153,-1.333,0.952083,-0.00292309999999996,72923,59.3628273214117,10.73,20.2230483271375
10,480013,"10%","U010",19.987,-2.499,0.9487565,-0.00624959999999997,19492,89.1378608964107,8.42,37.3977695167286
10,480013,"5%","U005",20.404,-2.082,0.9488454,-0.00616070000000002,10588,94.0997163539501,8.21,38.9591078066914
10,480013,"1%","U001",20.237,-2.249,0.9424601,-0.0125459999999999,3471,98.0657456993352,7.13,46.9888475836431
11,659999,"100%","B100",20.987,0,0.9539339,0,179449,0,12.83,0
11,659999,"40%","U040",21.32,0.333000000000002,0.9526547,-0.00127920000000004,73217,59.1989924713986,11.68,8.96336710833983
11,659999,"10%","U010",22.819,1.832,0.9509292,-0.00300469999999997,19643,89.0537144258257,8.13,36.6328916601715
11,659999,"5%","U005",19.904,-1.083,0.9506082,-0.00332569999999999,10695,94.0400893847277,8.02,37.4902572096649
11,659999,"1%","U001",15.74,-5.247,0.9449802,-0.00895369999999995,3511,98.0434552435511,7.97,37.8799688230709
12,839999,"100%","B100",19.404,0,0.95354,0,179449,0,13.12,0
12,839999,"40%","U040",17.239,-2.165,0.9523814,-0.00115860000000001,72591,59.5478381044196,10.84,17.3780487804878
12,839999,"10%","U010",18.322,-1.082,0.9493022,-0.00423780000000007,19323,89.2320380720985,8.22,37.3475609756098
12,839999,"5%","U005",18.322,-1.082,0.9469755,-0.00656450000000008,10482,94.158786061778,7.88,39.9390243902439
12,839999,"1%","U001",18.988,-0.416,0.9448609,-0.00867910000000005,3473,98.064631176546,7.16,45.4268292682927
