"escenario_codigo","escenario","semilla","corte","ganancia","es_maximo","fileName","date","ref","sem_nro"
"B100","100%",198427,800,14.074,"NO","KAP12_B100_S198427_800.csv","2026-09-09 16:41:40.773000",56127505,1
"B100","100%",198427,850,19.238,"SI","KAP12_B100_S198427_850.csv","2026-09-09 16:42:12.823000",56127511,1
"B100","100%",198427,900,18.072,"NO","KAP12_B100_S198427_900.csv","2026-09-09 16:42:44.810000",56127518,1
"B100","100%",198427,950,16.656,"NO","KAP12_B100_S198427_950.csv","2026-09-09 16:43:16.707000",56127526,1
"B100","100%",198427,1000,15.324,"NO","KAP12_B100_S198427_1000.csv","2026-09-09 16:43:48.673000",56127530,1
"B100","100%",198427,1050,13.991,"NO","KAP12_B100_S198427_1050.csv","2026-09-09 16:44:20.670000",56127539,1
"B100","100%",198427,1100,15.823,"NO","KAP12_B100_S198427_1100.csv","2026-09-09 16:44:52.670000",56127547,1
"B100","100%",198427,1150,14.491,"NO","KAP12_B100_S198427_1150.csv","2026-09-09 16:45:24.557000",56127555,1
"B100","100%",198427,1200,16.406,"NO","KAP12_B100_S198427_1200.csv","2026-09-09 16:45:56.510000",56127559,1
"B100","100%",198427,1250,18.655,"NO","KAP12_B100_S198427_1250.csv","2026-09-09 16:46:28.437000",56127568,1
"B100","100%",198427,1300,17.572,"NO","KAP12_B100_S198427_1300.csv","2026-09-09 16:47:00.377000",56127576,1
"U040","40%",198427,800,17.239,"NO","KAP12_U040_S198427_800.csv","2026-09-09 16:18:26.333000",56127138,1
"U040","40%",198427,850,19.404,"SI","KAP12_U040_S198427_850.csv","2026-09-09 16:18:58.460000",56127148,1
"U040","40%",198427,900,18.155,"NO","KAP12_U040_S198427_900.csv","2026-09-09 16:19:30.623000",56127154,1
"U040","40%",198427,950,16.656,"NO","KAP12_U040_S198427_950.csv","2026-09-09 16:20:02.730000",56127163,1
"U040","40%",198427,1000,15.407,"NO","KAP12_U040_S198427_1000.csv","2026-09-09 16:20:35.030000",56127175,1
"U040","40%",198427,1050,13.741,"NO","KAP12_U040_S198427_1050.csv","2026-09-09 16:21:07.100000",56127182,1
"U040","40%",198427,1100,12.159,"NO","KAP12_U040_S198427_1100.csv","2026-09-09 16:21:39.023000",56127191,1
"U040","40%",198427,1150,14.324,"NO","KAP12_U040_S198427_1150.csv","2026-09-09 16:22:10.973000",56127205,1
"U040","40%",198427,1200,13.658,"NO","KAP12_U040_S198427_1200.csv","2026-09-09 16:22:42.863000",56127219,1
"U040","40%",198427,1250,12.409,"NO","KAP12_U040_S198427_1250.csv","2026-09-09 16:23:14.960000",56127227,1
"U040","40%",198427,1300,11.409,"NO","KAP12_U040_S198427_1300.csv","2026-09-09 16:23:46.910000",56127245,1
"U010","10%",198427,800,13.991,"NO","KAP12_U010_S198427_800.csv","2026-09-09 16:53:54.040000",56127679,1
"U010","10%",198427,850,19.238,"SI","KAP12_U010_S198427_850.csv","2026-09-09 16:54:26.097000",56127683,1
"U010","10%",198427,900,18.155,"NO","KAP12_U010_S198427_900.csv","2026-09-09 16:54:58.150000",56127694,1
"U010","10%",198427,950,16.739,"NO","KAP12_U010_S198427_950.csv","2026-09-09 16:55:30.150000",56127702,1
"U010","10%",198427,1000,15.324,"NO","KAP12_U010_S198427_1000.csv","2026-09-09 16:56:02.237000",56127706,1
"U010","10%",198427,1050,13.908,"NO","KAP12_U010_S198427_1050.csv","2026-09-09 16:56:34.217000",56127713,1
"U010","10%",198427,1100,15.823,"NO","KAP12_U010_S198427_1100.csv","2026-09-09 16:57:06.197000",56127723,1
"U010","10%",198427,1150,14.491,"NO","KAP12_U010_S198427_1150.csv","2026-09-09 16:57:38.150000",56127731,1
"U010","10%",198427,1200,16.49,"NO","KAP12_U010_S198427_1200.csv","2026-09-09 16:58:10.210000",56127745,1
"U010","10%",198427,1250,15.49,"NO","KAP12_U010_S198427_1250.csv","2026-09-09 16:58:42.153000",56127752,1
"U010","10%",198427,1300,17.655,"NO","KAP12_U010_S198427_1300.csv","2026-09-09 16:59:14.120000",56127765,1
"U005","5%",198427,800,4.497,"NO","KAP12_U005_S198427_800.csv","2026-09-09 18:05:00.393000",56128771,1
"U005","5%",198427,850,6.079,"NO","KAP12_U005_S198427_850.csv","2026-09-09 18:05:32.377000",56128782,1
"U005","5%",198427,900,7.828,"NO","KAP12_U005_S198427_900.csv","2026-09-09 18:06:04.467000",56128794,1
"U005","5%",198427,950,9.827,"NO","KAP12_U005_S198427_950.csv","2026-09-09 18:06:36.557000",56128811,1
"U005","5%",198427,1000,11.909,"NO","KAP12_U005_S198427_1000.csv","2026-09-09 18:07:08.527000",56128820,1
"U005","5%",198427,1050,13.908,"NO","KAP12_U005_S198427_1050.csv","2026-09-09 18:07:40.453000",56128830,1
"U005","5%",198427,1100,19.071,"SI","KAP12_U005_S198427_1100.csv","2026-09-09 18:08:12.463000",56128842,1
"U005","5%",198427,1150,17.739,"NO","KAP12_U005_S198427_1150.csv","2026-09-09 18:08:44.360000",56128849,1
"U005","5%",198427,1200,16.739,"NO","KAP12_U005_S198427_1200.csv","2026-09-09 18:09:16.333000",56128857,1
"U005","5%",198427,1250,19.071,"SI","KAP12_U005_S198427_1250.csv","2026-09-09 18:09:48.293000",56128871,1
"U005","5%",198427,1300,18.322,"NO","KAP12_U005_S198427_1300.csv","2026-09-09 18:10:20.410000",56128877,1
"U001","1%",198427,800,17.239,"NO","KAP12_U001_S198427_800.csv","2026-09-09 18:16:43.110000",56128958,1
"U001","1%",198427,850,16.156,"NO","KAP12_U001_S198427_850.csv","2026-09-09 18:17:15.060000",56128964,1
"U001","1%",198427,900,18.155,"SI","KAP12_U001_S198427_900.csv","2026-09-09 18:17:46.987000",56128969,1
"U001","1%",198427,950,16.739,"NO","KAP12_U001_S198427_950.csv","2026-09-09 18:18:18.913000",56128976,1
"U001","1%",198427,1000,15.157,"NO","KAP12_U001_S198427_1000.csv","2026-09-09 18:18:50.857000",56128982,1
"U001","1%",198427,1050,13.824,"NO","KAP12_U001_S198427_1050.csv","2026-09-09 18:19:22.773000",56128989,1
"U001","1%",198427,1100,12.325,"NO","KAP12_U001_S198427_1100.csv","2026-09-09 18:19:54.700000",56128997,1
"U001","1%",198427,1150,14.657,"NO","KAP12_U001_S198427_1150.csv","2026-09-09 18:20:26.707000",56129001,1
"U001","1%",198427,1200,13.408,"NO","KAP12_U001_S198427_1200.csv","2026-09-09 18:20:58.630000",56129010,1
"U001","1%",198427,1250,12.325,"NO","KAP12_U001_S198427_1250.csv","2026-09-09 18:21:30.640000",56129014,1
"U001","1%",198427,1300,11.326,"NO","KAP12_U001_S198427_1300.csv","2026-09-09 18:22:02.727000",56129024,1
"B100","100%",955939,800,21.153,"SI","KAP12_B100_S955939_800.csv","2026-09-09 23:31:54.223000",56132400,2
"B100","100%",955939,850,19.738,"NO","KAP12_B100_S955939_850.csv","2026-09-09 23:32:26.147000",56132409,2
"B100","100%",955939,900,18.572,"NO","KAP12_B100_S955939_900.csv","2026-09-09 23:32:58.053000",56132418,2
"B100","100%",955939,950,20.737,"NO","KAP12_B100_S955939_950.csv","2026-09-09 23:33:30.057000",56132422,2
"B100","100%",955939,1000,19.155,"NO","KAP12_B100_S955939_1000.csv","2026-09-09 23:34:01.977000",56132429,2
"B100","100%",955939,1050,17.822,"NO","KAP12_B100_S955939_1050.csv","2026-09-09 23:34:33.917000",56132436,2
"B100","100%",955939,1100,16.573,"NO","KAP12_B100_S955939_1100.csv","2026-09-09 23:35:05.880000",56132446,2
"B100","100%",955939,1150,18.655,"NO","KAP12_B100_S955939_1150.csv","2026-09-09 23:35:37.793000",56132453,2
"B100","100%",955939,1200,16.823,"NO","KAP12_B100_S955939_1200.csv","2026-09-09 23:36:09.843000",56132457,2
"B100","100%",955939,1250,15.573,"NO","KAP12_B100_S955939_1250.csv","2026-09-09 23:36:41.917000",56132463,2
"B100","100%",955939,1300,14.491,"NO","KAP12_B100_S955939_1300.csv","2026-09-09 23:37:13.890000",56132469,2
"U040","40%",955939,800,17.822,"NO","KAP12_U040_S955939_800.csv","2026-09-09 23:46:36.430000",56132570,2
"U040","40%",955939,850,16.739,"NO","KAP12_U040_S955939_850.csv","2026-09-09 23:47:08.630000",56132575,2
"U040","40%",955939,900,18.655,"NO","KAP12_U040_S955939_900.csv","2026-09-09 23:47:40.657000",56132582,2
"U040","40%",955939,950,20.654,"SI","KAP12_U040_S955939_950.csv","2026-09-09 23:48:12.777000",56132586,2
"U040","40%",955939,1000,19.238,"NO","KAP12_U040_S955939_1000.csv","2026-09-09 23:48:44.890000",56132594,2
"U040","40%",955939,1050,18.155,"NO","KAP12_U040_S955939_1050.csv","2026-09-09 23:49:16.950000",56132600,2
"U040","40%",955939,1100,16.739,"NO","KAP12_U040_S955939_1100.csv","2026-09-09 23:49:48.973000",56132608,2
"U040","40%",955939,1150,15.324,"NO","KAP12_U040_S955939_1150.csv","2026-09-09 23:50:21.053000",56132621,2
"U040","40%",955939,1200,17.406,"NO","KAP12_U040_S955939_1200.csv","2026-09-09 23:50:53.070000",56132628,2
"U040","40%",955939,1250,16.323,"NO","KAP12_U040_S955939_1250.csv","2026-09-09 23:51:25.310000",56132639,2
"U040","40%",955939,1300,14.99,"NO","KAP12_U040_S955939_1300.csv","2026-09-09 23:51:57.523000",56132653,2
"U010","10%",955939,800,21.07,"SI","KAP12_U010_S955939_800.csv","2026-09-09 23:55:16.453000",56132683,2
"U010","10%",955939,850,19.904,"NO","KAP12_U010_S955939_850.csv","2026-09-09 23:55:48.617000",56132687,2
"U010","10%",955939,900,18.405,"NO","KAP12_U010_S955939_900.csv","2026-09-09 23:56:20.747000",56132696,2
"U010","10%",955939,950,17.655,"NO","KAP12_U010_S955939_950.csv","2026-09-09 23:56:52.757000",56132704,2
"U010","10%",955939,1000,19.488,"NO","KAP12_U010_S955939_1000.csv","2026-09-09 23:57:24.783000",56132710,2
"U010","10%",955939,1050,17.905,"NO","KAP12_U010_S955939_1050.csv","2026-09-09 23:57:56.900000",56132717,2
"U010","10%",955939,1100,19.987,"NO","KAP12_U010_S955939_1100.csv","2026-09-09 23:58:28.927000",56132727,2
"U010","10%",955939,1150,18.488,"NO","KAP12_U010_S955939_1150.csv","2026-09-09 23:59:00.963000",56132737,2
"U010","10%",955939,1200,17.239,"NO","KAP12_U010_S955939_1200.csv","2026-09-09 23:59:32.930000",56132740,2
"U010","10%",955939,1250,15.823,"NO","KAP12_U010_S955939_1250.csv","2026-09-10 00:00:05.003000",56132746,2
"U010","10%",955939,1300,14.574,"NO","KAP12_U010_S955939_1300.csv","2026-09-10 00:00:37.190000",56132801,2
"U005","5%",955939,800,17.822,"NO","KAP12_U005_S955939_800.csv","2026-09-10 00:02:52.567000",56132971,2
"U005","5%",955939,850,16.573,"NO","KAP12_U005_S955939_850.csv","2026-09-10 00:03:24.630000",56133017,2
"U005","5%",955939,900,18.572,"NO","KAP12_U005_S955939_900.csv","2026-09-10 00:03:56.710000",56133049,2
"U005","5%",955939,950,20.57,"SI","KAP12_U005_S955939_950.csv","2026-09-10 00:04:28.863000",56133070,2
"U005","5%",955939,1000,19.238,"NO","KAP12_U005_S955939_1000.csv","2026-09-10 00:05:00.840000",56133100,2
"U005","5%",955939,1050,18.072,"NO","KAP12_U005_S955939_1050.csv","2026-09-10 00:05:32.923000",56133123,2
"U005","5%",955939,1100,16.906,"NO","KAP12_U005_S955939_1100.csv","2026-09-10 00:06:05.003000",56133136,2
"U005","5%",955939,1150,15.49,"NO","KAP12_U005_S955939_1150.csv","2026-09-10 00:06:37.003000",56133160,2
"U005","5%",955939,1200,17.489,"NO","KAP12_U005_S955939_1200.csv","2026-09-10 00:07:09.020000",56133175,2
"U005","5%",955939,1250,16.156,"NO","KAP12_U005_S955939_1250.csv","2026-09-10 00:07:41.020000",56133194,2
"U005","5%",955939,1300,14.99,"NO","KAP12_U005_S955939_1300.csv","2026-09-10 00:08:13.130000",56133207,2
"U001","1%",955939,800,18.072,"NO","KAP12_U001_S955939_800.csv","2026-09-10 00:09:52.727000",56133233,2
"U001","1%",955939,850,20.071,"NO","KAP12_U001_S955939_850.csv","2026-09-10 00:10:25.980000",56133255,2
"U001","1%",955939,900,18.655,"NO","KAP12_U001_S955939_900.csv","2026-09-10 00:10:58.077000",56133279,2
"U001","1%",955939,950,20.404,"SI","KAP12_U001_S955939_950.csv","2026-09-10 00:11:30.350000",56133289,2
"U001","1%",955939,1000,19.155,"NO","KAP12_U001_S955939_1000.csv","2026-09-10 00:12:02.530000",56133301,2
"U001","1%",955939,1050,17.905,"NO","KAP12_U001_S955939_1050.csv","2026-09-10 00:12:34.537000",56133310,2
"U001","1%",955939,1100,16.989,"NO","KAP12_U001_S955939_1100.csv","2026-09-10 00:13:06.483000",56133321,2
"U001","1%",955939,1150,15.657,"NO","KAP12_U001_S955939_1150.csv","2026-09-10 00:13:38.500000",56133326,2
"U001","1%",955939,1200,17.322,"NO","KAP12_U001_S955939_1200.csv","2026-09-10 00:14:10.537000",56133336,2
"U001","1%",955939,1250,15.907,"NO","KAP12_U001_S955939_1250.csv","2026-09-10 00:14:42.567000",56133345,2
"U001","1%",955939,1300,17.655,"NO","KAP12_U001_S955939_1300.csv","2026-09-10 00:15:14.680000",56133359,2
"B100","100%",602257,800,20.321,"NO","KAP12_B100_S602257_800.csv","2026-09-10 03:14:11.743000",56136073,3
"B100","100%",602257,850,22.403,"SI","KAP12_B100_S602257_850.csv","2026-09-10 03:14:43.997000",56136079,3
"B100","100%",602257,900,21.403,"NO","KAP12_B100_S602257_900.csv","2026-09-10 03:15:16.180000",56136087,3
"B100","100%",602257,950,20.154,"NO","KAP12_B100_S602257_950.csv","2026-09-10 03:15:48.613000",56136104,3
"B100","100%",602257,1000,19.321,"NO","KAP12_B100_S602257_1000.csv","2026-09-10 03:16:20.850000",56136111,3
"B100","100%",602257,1050,21.153,"NO","KAP12_B100_S602257_1050.csv","2026-09-10 03:16:53.090000",56136122,3
"B100","100%",602257,1100,20.071,"NO","KAP12_B100_S602257_1100.csv","2026-09-10 03:17:25.273000",56136131,3
"B100","100%",602257,1150,18.572,"NO","KAP12_B100_S602257_1150.csv","2026-09-10 03:17:57.533000",56136141,3
"B100","100%",602257,1200,17.322,"NO","KAP12_B100_S602257_1200.csv","2026-09-10 03:18:29.683000",56136149,3
"B100","100%",602257,1250,19.238,"NO","KAP12_B100_S602257_1250.csv","2026-09-10 03:19:01.857000",56136161,3
"B100","100%",602257,1300,17.905,"NO","KAP12_B100_S602257_1300.csv","2026-09-10 03:19:33.987000",56136170,3
"U040","40%",602257,800,20.404,"NO","KAP12_U040_S602257_800.csv","2026-09-10 03:25:35.287000",56136276,3
"U040","40%",602257,850,22.403,"SI","KAP12_U040_S602257_850.csv","2026-09-10 03:26:07.593000",56136285,3
"U040","40%",602257,900,21.153,"NO","KAP12_U040_S602257_900.csv","2026-09-10 03:26:39.927000",56136295,3
"U040","40%",602257,950,20.071,"NO","KAP12_U040_S602257_950.csv","2026-09-10 03:27:12.107000",56136304,3
"U040","40%",602257,1000,18.655,"NO","KAP12_U040_S602257_1000.csv","2026-09-10 03:27:44.307000",56136318,3
"U040","40%",602257,1050,17.239,"NO","KAP12_U040_S602257_1050.csv","2026-09-10 03:28:16.637000",56136333,3
"U040","40%",602257,1100,15.907,"NO","KAP12_U040_S602257_1100.csv","2026-09-10 03:28:48.687000",56136347,3
"U040","40%",602257,1150,17.905,"NO","KAP12_U040_S602257_1150.csv","2026-09-10 03:29:20.900000",56136361,3
"U040","40%",602257,1200,20.071,"NO","KAP12_U040_S602257_1200.csv","2026-09-10 03:29:53.087000",56136372,3
"U040","40%",602257,1250,21.57,"NO","KAP12_U040_S602257_1250.csv","2026-09-10 03:30:25.153000",56136384,3
"U040","40%",602257,1300,20.321,"NO","KAP12_U040_S602257_1300.csv","2026-09-10 03:30:57.413000",56136393,3
"U010","10%",602257,800,20.404,"NO","KAP12_U010_S602257_800.csv","2026-09-10 03:34:26.487000",56136453,3
"U010","10%",602257,850,22.403,"SI","KAP12_U010_S602257_850.csv","2026-09-10 03:34:58.827000",56136460,3
"U010","10%",602257,900,21.153,"NO","KAP12_U010_S602257_900.csv","2026-09-10 03:35:31.060000",56136467,3
"U010","10%",602257,950,19.904,"NO","KAP12_U010_S602257_950.csv","2026-09-10 03:36:03.213000",56136476,3
"U010","10%",602257,1000,18.655,"NO","KAP12_U010_S602257_1000.csv","2026-09-10 03:36:35.293000",56136481,3
"U010","10%",602257,1050,17.572,"NO","KAP12_U010_S602257_1050.csv","2026-09-10 03:37:07.473000",56136491,3
"U010","10%",602257,1100,16.073,"NO","KAP12_U010_S602257_1100.csv","2026-09-10 03:37:39.627000",56136502,3
"U010","10%",602257,1150,18.155,"NO","KAP12_U010_S602257_1150.csv","2026-09-10 03:38:11.853000",56136513,3
"U010","10%",602257,1200,20.071,"NO","KAP12_U010_S602257_1200.csv","2026-09-10 03:38:43.990000",56136524,3
"U010","10%",602257,1250,22.069,"NO","KAP12_U010_S602257_1250.csv","2026-09-10 03:39:16.033000",56136533,3
"U010","10%",602257,1300,20.321,"NO","KAP12_U010_S602257_1300.csv","2026-09-10 03:39:48.087000",56136541,3
"U005","5%",602257,800,17.239,"NO","KAP12_U005_S602257_800.csv","2026-09-10 03:42:47.860000",56136600,3
"U005","5%",602257,850,19.488,"NO","KAP12_U005_S602257_850.csv","2026-09-10 03:43:20.047000",56136606,3
"U005","5%",602257,900,21.487,"SI","KAP12_U005_S602257_900.csv","2026-09-10 03:43:52.150000",56136619,3
"U005","5%",602257,950,19.904,"NO","KAP12_U005_S602257_950.csv","2026-09-10 03:44:24.253000",56136625,3
"U005","5%",602257,1000,18.572,"NO","KAP12_U005_S602257_1000.csv","2026-09-10 03:44:56.470000",56136630,3
"U005","5%",602257,1050,17.239,"NO","KAP12_U005_S602257_1050.csv","2026-09-10 03:45:28.567000",56136632,3
"U005","5%",602257,1100,15.657,"NO","KAP12_U005_S602257_1100.csv","2026-09-10 03:46:00.777000",56136638,3
"U005","5%",602257,1150,14.741,"NO","KAP12_U005_S602257_1150.csv","2026-09-10 03:46:33.047000",56136642,3
"U005","5%",602257,1200,16.739,"NO","KAP12_U005_S602257_1200.csv","2026-09-10 03:47:05.137000",56136659,3
"U005","5%",602257,1250,15.823,"NO","KAP12_U005_S602257_1250.csv","2026-09-10 03:47:37.217000",56136677,3
"U005","5%",602257,1300,18.072,"NO","KAP12_U005_S602257_1300.csv","2026-09-10 03:48:09.327000",56136686,3
"U001","1%",602257,800,20.321,"NO","KAP12_U001_S602257_800.csv","2026-09-10 03:50:38.417000",56136728,3
"U001","1%",602257,850,19.155,"NO","KAP12_U001_S602257_850.csv","2026-09-10 03:51:10.457000",56136733,3
"U001","1%",602257,900,18.155,"NO","KAP12_U001_S602257_900.csv","2026-09-10 03:51:42.633000",56136742,3
"U001","1%",602257,950,16.49,"NO","KAP12_U001_S602257_950.csv","2026-09-10 03:52:14.853000",56136748,3
"U001","1%",602257,1000,15.324,"NO","KAP12_U001_S602257_1000.csv","2026-09-10 03:52:47.120000",56136754,3
"U001","1%",602257,1050,13.991,"NO","KAP12_U001_S602257_1050.csv","2026-09-10 03:53:19.263000",56136760,3
"U001","1%",602257,1100,19.571,"NO","KAP12_U001_S602257_1100.csv","2026-09-10 03:53:51.413000",56136766,3
"U001","1%",602257,1150,18.572,"NO","KAP12_U001_S602257_1150.csv","2026-09-10 03:54:23.667000",56136774,3
"U001","1%",602257,1200,20.82,"NO","KAP12_U001_S602257_1200.csv","2026-09-10 03:54:55.880000",56136784,3
"U001","1%",602257,1250,19.738,"NO","KAP12_U001_S602257_1250.csv","2026-09-10 03:55:27.990000",56136791,3
"U001","1%",602257,1300,21.403,"SI","KAP12_U001_S602257_1300.csv","2026-09-10 03:56:00.037000",56136804,3
"B100","100%",191099,800,17.905,"NO","KAP12_B100_S191099_800.csv","2026-09-10 12:01:39.873000",56143740,4
"B100","100%",191099,850,19.738,"NO","KAP12_B100_S191099_850.csv","2026-09-10 12:02:12.160000",56143746,4
"B100","100%",191099,900,17.905,"NO","KAP12_B100_S191099_900.csv","2026-09-10 12:02:44.240000",56143755,4
"B100","100%",191099,950,19.821,"SI","KAP12_B100_S191099_950.csv","2026-09-10 12:03:16.397000",56143765,4
"B100","100%",191099,1000,18.488,"NO","KAP12_B100_S191099_1000.csv","2026-09-10 12:03:48.557000",56143773,4
"B100","100%",191099,1050,17.572,"NO","KAP12_B100_S191099_1050.csv","2026-09-10 12:04:20.830000",56143778,4
"B100","100%",191099,1100,18.905,"NO","KAP12_B100_S191099_1100.csv","2026-09-10 12:04:52.933000",56143783,4
"B100","100%",191099,1150,18.072,"NO","KAP12_B100_S191099_1150.csv","2026-09-10 12:05:25.003000",56143790,4
"B100","100%",191099,1200,16.906,"NO","KAP12_B100_S191099_1200.csv","2026-09-10 12:05:57.107000",56143799,4
"B100","100%",191099,1250,15.074,"NO","KAP12_B100_S191099_1250.csv","2026-09-10 12:06:29.187000",56143811,4
"B100","100%",191099,1300,13.908,"NO","KAP12_B100_S191099_1300.csv","2026-09-10 12:07:01.317000",56143821,4
"U040","40%",191099,800,14.741,"NO","KAP12_U040_S191099_800.csv","2026-09-10 12:13:46.107000",56143936,4
"U040","40%",191099,850,16.406,"NO","KAP12_U040_S191099_850.csv","2026-09-10 12:14:18.230000",56143946,4
"U040","40%",191099,900,17.905,"NO","KAP12_U040_S191099_900.csv","2026-09-10 12:14:50.587000",56143950,4
"U040","40%",191099,950,16.49,"NO","KAP12_U040_S191099_950.csv","2026-09-10 12:15:22.743000",56143963,4
"U040","40%",191099,1000,18.072,"NO","KAP12_U040_S191099_1000.csv","2026-09-10 12:15:54.990000",56143976,4
"U040","40%",191099,1050,16.823,"NO","KAP12_U040_S191099_1050.csv","2026-09-10 12:16:27.197000",56143993,4
"U040","40%",191099,1100,18.821,"NO","KAP12_U040_S191099_1100.csv","2026-09-10 12:16:59.377000",56144002,4
"U040","40%",191099,1150,20.904,"NO","KAP12_U040_S191099_1150.csv","2026-09-10 12:17:31.630000",56144017,4
"U040","40%",191099,1200,19.987,"NO","KAP12_U040_S191099_1200.csv","2026-09-10 12:18:03.770000",56144028,4
"U040","40%",191099,1250,22.236,"SI","KAP12_U040_S191099_1250.csv","2026-09-10 12:18:36.103000",56144035,4
"U040","40%",191099,1300,20.987,"NO","KAP12_U040_S191099_1300.csv","2026-09-11 00:46:29.657000",56155099,4
"U010","10%",191099,800,17.822,"NO","KAP12_U010_S191099_800.csv","2026-09-11 00:48:46.777000",56155137,4
"U010","10%",191099,850,19.987,"NO","KAP12_U010_S191099_850.csv","2026-09-11 00:49:18.583000",56155150,4
"U010","10%",191099,900,18.405,"NO","KAP12_U010_S191099_900.csv","2026-09-11 00:49:50.550000",56155159,4
"U010","10%",191099,950,16.573,"NO","KAP12_U010_S191099_950.csv","2026-09-11 00:50:22.400000",56155169,4
"U010","10%",191099,1000,18.738,"NO","KAP12_U010_S191099_1000.csv","2026-09-11 00:50:54.307000",56155176,4
"U010","10%",191099,1050,20.82,"SI","KAP12_U010_S191099_1050.csv","2026-09-11 00:51:26.143000",56155191,4
"U010","10%",191099,1100,19.488,"NO","KAP12_U010_S191099_1100.csv","2026-09-11 00:51:58.183000",56155204,4
"U010","10%",191099,1150,17.905,"NO","KAP12_U010_S191099_1150.csv","2026-09-11 00:52:30.113000",56155215,4
"U010","10%",191099,1200,16.739,"NO","KAP12_U010_S191099_1200.csv","2026-09-11 00:53:01.953000",56155224,4
"U010","10%",191099,1250,14.99,"NO","KAP12_U010_S191099_1250.csv","2026-09-11 00:53:33.920000",56155231,4
"U010","10%",191099,1300,13.991,"NO","KAP12_U010_S191099_1300.csv","2026-09-11 00:54:05.913000",56155245,4
"U005","5%",191099,800,21.07,"SI","KAP12_U005_S191099_800.csv","2026-09-11 00:54:37.867000",56155255,4
"U005","5%",191099,850,19.738,"NO","KAP12_U005_S191099_850.csv","2026-09-11 00:55:09.863000",56155264,4
"U005","5%",191099,900,18.405,"NO","KAP12_U005_S191099_900.csv","2026-09-11 00:55:41.793000",56155274,4
"U005","5%",191099,950,16.739,"NO","KAP12_U005_S191099_950.csv","2026-09-11 00:56:14.317000",56155281,4
"U005","5%",191099,1000,18.655,"NO","KAP12_U005_S191099_1000.csv","2026-09-11 00:56:46.317000",56155286,4
"U005","5%",191099,1050,17.406,"NO","KAP12_U005_S191099_1050.csv","2026-09-11 00:57:18.143000",56155295,4
"U005","5%",191099,1100,19.571,"NO","KAP12_U005_S191099_1100.csv","2026-09-11 00:57:50.233000",56155306,4
"U005","5%",191099,1150,18.655,"NO","KAP12_U005_S191099_1150.csv","2026-09-11 00:58:22.153000",56155314,4
"U005","5%",191099,1200,20.487,"NO","KAP12_U005_S191099_1200.csv","2026-09-11 00:58:54.203000",56155327,4
"U005","5%",191099,1250,18.821,"NO","KAP12_U005_S191099_1250.csv","2026-09-11 00:59:26.080000",56155340,4
"U005","5%",191099,1300,17.156,"NO","KAP12_U005_S191099_1300.csv","2026-09-11 00:59:58.053000",56155351,4
"U001","1%",191099,800,14.407,"NO","KAP12_U001_S191099_800.csv","2026-09-11 01:00:29.930000",56155360,4
"U001","1%",191099,850,16.073,"NO","KAP12_U001_S191099_850.csv","2026-09-11 01:01:01.807000",56155374,4
"U001","1%",191099,900,18.322,"NO","KAP12_U001_S191099_900.csv","2026-09-11 01:01:33.847000",56155388,4
"U001","1%",191099,950,19.821,"NO","KAP12_U001_S191099_950.csv","2026-09-11 01:02:05.793000",56155398,4
"U001","1%",191099,1000,18.238,"NO","KAP12_U001_S191099_1000.csv","2026-09-11 01:02:37.790000",56155410,4
"U001","1%",191099,1050,20.487,"SI","KAP12_U001_S191099_1050.csv","2026-09-11 01:03:09.857000",56155427,4
"U001","1%",191099,1100,19.488,"NO","KAP12_U001_S191099_1100.csv","2026-09-11 01:03:41.820000",56155439,4
"U001","1%",191099,1150,17.905,"NO","KAP12_U001_S191099_1150.csv","2026-09-11 01:04:13.787000",56155450,4
"U001","1%",191099,1200,16.656,"NO","KAP12_U001_S191099_1200.csv","2026-09-11 01:04:46.310000",56155462,4
"U001","1%",191099,1250,15.24,"NO","KAP12_U001_S191099_1250.csv","2026-09-11 01:05:18.373000",56155472,4
"U001","1%",191099,1300,17.322,"NO","KAP12_U001_S191099_1300.csv","2026-09-11 01:05:50.307000",56155491,4
"B100","100%",895651,800,17.239,"NO","KAP12_B100_S895651_800.csv","2026-09-11 01:38:30.823000",56156008,5
"B100","100%",895651,850,16.24,"NO","KAP12_B100_S895651_850.csv","2026-09-11 01:39:02.920000",56156011,5
"B100","100%",895651,900,15.823,"NO","KAP12_B100_S895651_900.csv","2026-09-11 01:39:35.110000",56156015,5
"B100","100%",895651,950,15.074,"NO","KAP12_B100_S895651_950.csv","2026-09-11 01:40:07.373000",56156022,5
"B100","100%",895651,1000,13.908,"NO","KAP12_B100_S895651_1000.csv","2026-09-11 01:40:39.593000",56156034,5
"B100","100%",895651,1050,12.908,"NO","KAP12_B100_S895651_1050.csv","2026-09-11 01:41:11.657000",56156055,5
"B100","100%",895651,1100,17.572,"SI","KAP12_B100_S895651_1100.csv","2026-09-11 01:41:43.817000",56156071,5
"B100","100%",895651,1150,15.573,"NO","KAP12_B100_S895651_1150.csv","2026-09-11 01:42:16.003000",56156080,5
"B100","100%",895651,1200,17.239,"NO","KAP12_B100_S895651_1200.csv","2026-09-11 01:42:48.037000",56156094,5
"B100","100%",895651,1250,15.99,"NO","KAP12_B100_S895651_1250.csv","2026-09-11 01:43:20.133000",56156099,5
"B100","100%",895651,1300,14.824,"NO","KAP12_B100_S895651_1300.csv","2026-09-11 01:43:52.337000",56156109,5
"U040","40%",895651,800,16.823,"NO","KAP12_U040_S895651_800.csv","2026-09-11 01:49:28.693000",56156191,5
"U040","40%",895651,850,18.988,"SI","KAP12_U040_S895651_850.csv","2026-09-11 01:50:00.970000",56156199,5
"U040","40%",895651,900,17.989,"NO","KAP12_U040_S895651_900.csv","2026-09-11 01:50:33.063000",56156206,5
"U040","40%",895651,950,17.239,"NO","KAP12_U040_S895651_950.csv","2026-09-11 01:51:05.227000",56156212,5
"U040","40%",895651,1000,16.406,"NO","KAP12_U040_S895651_1000.csv","2026-09-11 01:51:37.443000",56156221,5
"U040","40%",895651,1050,18.405,"NO","KAP12_U040_S895651_1050.csv","2026-09-11 01:52:09.557000",56156231,5
"U040","40%",895651,1100,17.239,"NO","KAP12_U040_S895651_1100.csv","2026-09-11 01:52:41.623000",56156238,5
"U040","40%",895651,1150,15.657,"NO","KAP12_U040_S895651_1150.csv","2026-09-11 01:53:13.780000",56156246,5
"U040","40%",895651,1200,14.158,"NO","KAP12_U040_S895651_1200.csv","2026-09-11 01:53:45.867000",56156251,5
"U040","40%",895651,1250,15.74,"NO","KAP12_U040_S895651_1250.csv","2026-09-11 01:54:17.977000",56156263,5
"U040","40%",895651,1300,14.407,"NO","KAP12_U040_S895651_1300.csv","2026-09-11 01:54:50.170000",56156268,5
"U010","10%",895651,800,19.821,"SI","KAP12_U010_S895651_800.csv","2026-09-11 01:58:15.863000",56156317,5
"U010","10%",895651,850,18.988,"NO","KAP12_U010_S895651_850.csv","2026-09-11 01:58:48.027000",56156326,5
"U010","10%",895651,900,17.989,"NO","KAP12_U010_S895651_900.csv","2026-09-11 01:59:20.087000",56156334,5
"U010","10%",895651,950,17.073,"NO","KAP12_U010_S895651_950.csv","2026-09-11 01:59:52.110000",56156346,5
"U010","10%",895651,1000,15.823,"NO","KAP12_U010_S895651_1000.csv","2026-09-11 02:00:24.153000",56156357,5
"U010","10%",895651,1050,14.324,"NO","KAP12_U010_S895651_1050.csv","2026-09-11 02:00:56.210000",56156367,5
"U010","10%",895651,1100,16.24,"NO","KAP12_U010_S895651_1100.csv","2026-09-11 02:01:28.257000",56156375,5
"U010","10%",895651,1150,15.074,"NO","KAP12_U010_S895651_1150.csv","2026-09-11 02:02:00.343000",56156382,5
"U010","10%",895651,1200,17.406,"NO","KAP12_U010_S895651_1200.csv","2026-09-11 02:02:32.467000",56156389,5
"U010","10%",895651,1250,19.821,"SI","KAP12_U010_S895651_1250.csv","2026-09-11 02:03:04.550000",56156395,5
"U010","10%",895651,1300,18.405,"NO","KAP12_U010_S895651_1300.csv","2026-09-11 02:03:36.610000",56156403,5
"U005","5%",895651,800,17.572,"SI","KAP12_U005_S895651_800.csv","2026-09-11 02:06:23.343000",56156455,5
"U005","5%",895651,850,16.573,"NO","KAP12_U005_S895651_850.csv","2026-09-11 02:06:55.563000",56156467,5
"U005","5%",895651,900,15.324,"NO","KAP12_U005_S895651_900.csv","2026-09-11 02:07:27.740000",56156480,5
"U005","5%",895651,950,14.158,"NO","KAP12_U005_S895651_950.csv","2026-09-11 02:07:59.897000",56156495,5
"U005","5%",895651,1000,13.241,"NO","KAP12_U005_S895651_1000.csv","2026-09-11 02:08:32.050000",56156499,5
"U005","5%",895651,1050,15.657,"NO","KAP12_U005_S895651_1050.csv","2026-09-11 02:09:04.157000",56156505,5
"U005","5%",895651,1100,17.572,"SI","KAP12_U005_S895651_1100.csv","2026-09-11 02:09:36.440000",56156513,5
"U005","5%",895651,1150,15.99,"NO","KAP12_U005_S895651_1150.csv","2026-09-11 02:10:08.477000",56156522,5
"U005","5%",895651,1200,14.407,"NO","KAP12_U005_S895651_1200.csv","2026-09-11 02:10:40.613000",56156529,5
"U005","5%",895651,1250,12.742,"NO","KAP12_U005_S895651_1250.csv","2026-09-11 02:11:12.787000",56156536,5
"U005","5%",895651,1300,11.409,"NO","KAP12_U005_S895651_1300.csv","2026-09-11 02:11:44.833000",56156545,5
"U001","1%",895651,800,14.241,"NO","KAP12_U001_S895651_800.csv","2026-09-11 02:14:05.520000",56156577,5
"U001","1%",895651,850,19.155,"NO","KAP12_U001_S895651_850.csv","2026-09-11 02:14:37.633000",56156588,5
"U001","1%",895651,900,17.655,"NO","KAP12_U001_S895651_900.csv","2026-09-11 02:15:09.680000",56156600,5
"U001","1%",895651,950,16.49,"NO","KAP12_U001_S895651_950.csv","2026-09-11 02:15:41.833000",56156611,5
"U001","1%",895651,1000,15.407,"NO","KAP12_U001_S895651_1000.csv","2026-09-11 02:16:13.860000",56156623,5
"U001","1%",895651,1050,17.572,"NO","KAP12_U001_S895651_1050.csv","2026-09-11 02:16:45.907000",56156631,5
"U001","1%",895651,1100,19.238,"NO","KAP12_U001_S895651_1100.csv","2026-09-11 02:17:17.923000",56156640,5
"U001","1%",895651,1150,21.487,"NO","KAP12_U001_S895651_1150.csv","2026-09-11 02:17:50.010000",56156644,5
"U001","1%",895651,1200,23.902,"SI","KAP12_U001_S895651_1200.csv","2026-09-11 02:18:22.263000",56156649,5
"U001","1%",895651,1250,22.736,"NO","KAP12_U001_S895651_1250.csv","2026-09-11 02:18:54.430000",56156659,5
"U001","1%",895651,1300,21.653,"NO","KAP12_U001_S895651_1300.csv","2026-09-11 02:19:26.597000",56156673,5
"B100","100%",683731,800,17.406,"NO","KAP12_B100_S683731_800.csv","2026-09-11 19:30:06.827000",56171702,6
"B100","100%",683731,850,22.902,"SI","KAP12_B100_S683731_850.csv","2026-09-11 19:30:39.137000",56171709,6
"B100","100%",683731,900,21.57,"NO","KAP12_B100_S683731_900.csv","2026-09-11 19:31:11.300000",56171719,6
"B100","100%",683731,950,20.57,"NO","KAP12_B100_S683731_950.csv","2026-09-11 19:31:43.477000",56171730,6
"B100","100%",683731,1000,19.071,"NO","KAP12_B100_S683731_1000.csv","2026-09-11 19:32:15.640000",56171738,6
"B100","100%",683731,1050,17.655,"NO","KAP12_B100_S683731_1050.csv","2026-09-11 19:32:47.757000",56171741,6
"B100","100%",683731,1100,16.656,"NO","KAP12_B100_S683731_1100.csv","2026-09-11 19:33:19.903000",56171744,6
"B100","100%",683731,1150,15.324,"NO","KAP12_B100_S683731_1150.csv","2026-09-11 19:33:52.037000",56171753,6
"B100","100%",683731,1200,13.824,"NO","KAP12_B100_S683731_1200.csv","2026-09-11 19:34:24.317000",56171759,6
"B100","100%",683731,1250,12.825,"NO","KAP12_B100_S683731_1250.csv","2026-09-11 19:34:56.410000",56171763,6
"B100","100%",683731,1300,11.493,"NO","KAP12_B100_S683731_1300.csv","2026-09-11 19:35:28.557000",56171770,6
"U040","40%",683731,800,17.489,"NO","KAP12_U040_S683731_800.csv","2026-09-12 00:24:56.687000",56174880,6
"U040","40%",683731,850,22.986,"SI","KAP12_U040_S683731_850.csv","2026-09-12 00:25:28.770000",56174888,6
"U040","40%",683731,900,21.653,"NO","KAP12_U040_S683731_900.csv","2026-09-12 00:26:00.780000",56174897,6
"U040","40%",683731,950,20.154,"NO","KAP12_U040_S683731_950.csv","2026-09-12 00:26:32.937000",56174906,6
"U040","40%",683731,1000,19.238,"NO","KAP12_U040_S683731_1000.csv","2026-09-12 00:27:04.897000",56174913,6
"U040","40%",683731,1050,18.238,"NO","KAP12_U040_S683731_1050.csv","2026-09-12 00:27:36.977000",56174922,6
"U040","40%",683731,1100,16.656,"NO","KAP12_U040_S683731_1100.csv","2026-09-12 00:28:08.970000",56174931,6
"U040","40%",683731,1150,15.657,"NO","KAP12_U040_S683731_1150.csv","2026-09-12 00:28:40.900000",56174939,6
"U040","40%",683731,1200,14.074,"NO","KAP12_U040_S683731_1200.csv","2026-09-12 00:29:12.850000",56174948,6
"U040","40%",683731,1250,13.075,"NO","KAP12_U040_S683731_1250.csv","2026-09-12 00:29:44.847000",56174953,6
"U040","40%",683731,1300,11.909,"NO","KAP12_U040_S683731_1300.csv","2026-09-12 00:30:16.863000",56174961,6
"U010","10%",683731,800,17.739,"NO","KAP12_U010_S683731_800.csv","2026-09-12 00:30:48.790000",56174970,6
"U010","10%",683731,850,22.902,"SI","KAP12_U010_S683731_850.csv","2026-09-12 00:31:20.773000",56174979,6
"U010","10%",683731,900,21.653,"NO","KAP12_U010_S683731_900.csv","2026-09-12 00:31:52.657000",56174987,6
"U010","10%",683731,950,20.071,"NO","KAP12_U010_S683731_950.csv","2026-09-12 00:32:24.700000",56174996,6
"U010","10%",683731,1000,18.738,"NO","KAP12_U010_S683731_1000.csv","2026-09-12 00:32:56.717000",56175002,6
"U010","10%",683731,1050,17.739,"NO","KAP12_U010_S683731_1050.csv","2026-09-12 00:33:28.760000",56175011,6
"U010","10%",683731,1100,19.821,"NO","KAP12_U010_S683731_1100.csv","2026-09-12 00:34:00.743000",56175019,6
"U010","10%",683731,1150,18.655,"NO","KAP12_U010_S683731_1150.csv","2026-09-12 00:34:32.963000",56175030,6
"U010","10%",683731,1200,17.655,"NO","KAP12_U010_S683731_1200.csv","2026-09-12 00:35:04.990000",56175037,6
"U010","10%",683731,1250,19.571,"NO","KAP12_U010_S683731_1250.csv","2026-09-12 00:35:37.003000",56175042,6
"U010","10%",683731,1300,21.57,"NO","KAP12_U010_S683731_1300.csv","2026-09-12 00:36:09.117000",56175048,6
"U005","5%",683731,800,17.406,"NO","KAP12_U005_S683731_800.csv","2026-09-12 00:36:41.173000",56175057,6
"U005","5%",683731,850,19.071,"NO","KAP12_U005_S683731_850.csv","2026-09-12 00:37:13.280000",56175068,6
"U005","5%",683731,900,17.989,"NO","KAP12_U005_S683731_900.csv","2026-09-12 00:37:45.337000",56175075,6
"U005","5%",683731,950,20.237,"NO","KAP12_U005_S683731_950.csv","2026-09-12 00:38:17.263000",56175083,6
"U005","5%",683731,1000,18.821,"NO","KAP12_U005_S683731_1000.csv","2026-09-12 00:38:49.423000",56175093,6
"U005","5%",683731,1050,17.905,"NO","KAP12_U005_S683731_1050.csv","2026-09-12 00:39:21.427000",56175100,6
"U005","5%",683731,1100,19.904,"NO","KAP12_U005_S683731_1100.csv","2026-09-12 00:39:53.390000",56175108,6
"U005","5%",683731,1150,22.069,"SI","KAP12_U005_S683731_1150.csv","2026-09-12 00:40:25.340000",56175121,6
"U005","5%",683731,1200,20.987,"NO","KAP12_U005_S683731_1200.csv","2026-09-12 00:40:57.447000",56175126,6
"U005","5%",683731,1250,19.488,"NO","KAP12_U005_S683731_1250.csv","2026-09-12 00:41:29.563000",56175132,6
"U005","5%",683731,1300,21.653,"NO","KAP12_U005_S683731_1300.csv","2026-09-12 00:42:01.710000",56175142,6
"U001","1%",683731,800,17.322,"NO","KAP12_U001_S683731_800.csv","2026-09-12 00:42:33.810000",56175148,6
"U001","1%",683731,850,15.907,"NO","KAP12_U001_S683731_850.csv","2026-09-12 00:43:05.867000",56175158,6
"U001","1%",683731,900,17.822,"NO","KAP12_U001_S683731_900.csv","2026-09-12 00:43:38.007000",56175165,6
"U001","1%",683731,950,20.237,"NO","KAP12_U001_S683731_950.csv","2026-09-12 00:44:10.067000",56175174,6
"U001","1%",683731,1000,18.988,"NO","KAP12_U001_S683731_1000.csv","2026-09-12 00:44:42.137000",56175180,6
"U001","1%",683731,1050,17.655,"NO","KAP12_U001_S683731_1050.csv","2026-09-12 00:45:14.190000",56175188,6
"U001","1%",683731,1100,23.319,"SI","KAP12_U001_S683731_1100.csv","2026-09-12 00:45:46.363000",56175201,6
"U001","1%",683731,1150,21.82,"NO","KAP12_U001_S683731_1150.csv","2026-09-12 00:46:18.463000",56175222,6
"U001","1%",683731,1200,20.654,"NO","KAP12_U001_S683731_1200.csv","2026-09-12 00:46:50.540000",56175228,6
"U001","1%",683731,1250,19.654,"NO","KAP12_U001_S683731_1250.csv","2026-09-12 00:47:22.583000",56175238,6
"U001","1%",683731,1300,21.237,"NO","KAP12_U001_S683731_1300.csv","2026-09-12 00:47:54.537000",56175246,6
"B100","100%",742801,800,13.741,"NO","KAP12_B100_S742801_800.csv","2026-09-12 03:17:46.593000",56177408,7
"B100","100%",742801,850,12.409,"NO","KAP12_B100_S742801_850.csv","2026-09-12 03:18:18.853000",56177419,7
"B100","100%",742801,900,11.409,"NO","KAP12_B100_S742801_900.csv","2026-09-12 03:18:51.047000",56177425,7
"B100","100%",742801,950,16.989,"NO","KAP12_B100_S742801_950.csv","2026-09-12 03:19:23.093000",56177432,7
"B100","100%",742801,1000,19.071,"NO","KAP12_B100_S742801_1000.csv","2026-09-12 03:19:55.330000",56177446,7
"B100","100%",742801,1050,17.822,"NO","KAP12_B100_S742801_1050.csv","2026-09-12 03:20:27.500000",56177457,7
"B100","100%",742801,1100,19.738,"SI","KAP12_B100_S742801_1100.csv","2026-09-12 03:20:59.557000",56177465,7
"B100","100%",742801,1150,18.905,"NO","KAP12_B100_S742801_1150.csv","2026-09-12 03:21:31.663000",56177470,7
"B100","100%",742801,1200,17.322,"NO","KAP12_B100_S742801_1200.csv","2026-09-12 03:22:03.797000",56177476,7
"B100","100%",742801,1250,15.907,"NO","KAP12_B100_S742801_1250.csv","2026-09-12 03:22:35.850000",56177484,7
"B100","100%",742801,1300,14.574,"NO","KAP12_B100_S742801_1300.csv","2026-09-12 03:23:08.010000",56177494,7
"U040","40%",742801,800,13.991,"NO","KAP12_U040_S742801_800.csv","2026-09-12 03:28:27.417000",56177575,7
"U040","40%",742801,850,13.075,"NO","KAP12_U040_S742801_850.csv","2026-09-12 03:28:59.643000",56177582,7
"U040","40%",742801,900,12.159,"NO","KAP12_U040_S742801_900.csv","2026-09-12 03:29:31.650000",56177591,7
"U040","40%",742801,950,20.654,"SI","KAP12_U040_S742801_950.csv","2026-09-12 03:30:03.740000",56177595,7
"U040","40%",742801,1000,19.155,"NO","KAP12_U040_S742801_1000.csv","2026-09-12 03:30:35.830000",56177604,7
"U040","40%",742801,1050,20.654,"SI","KAP12_U040_S742801_1050.csv","2026-09-12 03:31:07.863000",56177609,7
"U040","40%",742801,1100,19.488,"NO","KAP12_U040_S742801_1100.csv","2026-09-12 03:31:39.967000",56177620,7
"U040","40%",742801,1150,18.488,"NO","KAP12_U040_S742801_1150.csv","2026-09-12 03:32:12.097000",56177628,7
"U040","40%",742801,1200,17.322,"NO","KAP12_U040_S742801_1200.csv","2026-09-12 03:32:44.317000",56177638,7
"U040","40%",742801,1250,16.406,"NO","KAP12_U040_S742801_1250.csv","2026-09-12 03:33:16.470000",56177651,7
"U040","40%",742801,1300,14.741,"NO","KAP12_U040_S742801_1300.csv","2026-09-12 03:33:48.560000",56177667,7
"U010","10%",742801,800,13.991,"NO","KAP12_U010_S742801_800.csv","2026-09-12 03:36:39.930000",56177737,7
"U010","10%",742801,850,12.908,"NO","KAP12_U010_S742801_850.csv","2026-09-12 03:37:12.090000",56177751,7
"U010","10%",742801,900,11.992,"NO","KAP12_U010_S742801_900.csv","2026-09-12 03:37:44.230000",56177766,7
"U010","10%",742801,950,13.908,"NO","KAP12_U010_S742801_950.csv","2026-09-12 03:38:16.473000",56177780,7
"U010","10%",742801,1000,18.821,"NO","KAP12_U010_S742801_1000.csv","2026-09-12 03:38:48.537000",56177791,7
"U010","10%",742801,1050,17.322,"NO","KAP12_U010_S742801_1050.csv","2026-09-12 03:39:20.613000",56177801,7
"U010","10%",742801,1100,19.571,"SI","KAP12_U010_S742801_1100.csv","2026-09-12 03:39:52.897000",56177810,7
"U010","10%",742801,1150,18.655,"NO","KAP12_U010_S742801_1150.csv","2026-09-12 03:40:24.957000",56177816,7
"U010","10%",742801,1200,17.406,"NO","KAP12_U010_S742801_1200.csv","2026-09-12 03:40:56.983000",56177825,7
"U010","10%",742801,1250,16.24,"NO","KAP12_U010_S742801_1250.csv","2026-09-12 03:41:29.027000",56177831,7
"U010","10%",742801,1300,18.238,"NO","KAP12_U010_S742801_1300.csv","2026-09-12 03:42:01.133000",56177839,7
"U005","5%",742801,800,14.074,"NO","KAP12_U005_S742801_800.csv","2026-09-12 03:44:10.003000",56177877,7
"U005","5%",742801,850,13.075,"NO","KAP12_U005_S742801_850.csv","2026-09-12 03:44:42.163000",56177884,7
"U005","5%",742801,900,12.076,"NO","KAP12_U005_S742801_900.csv","2026-09-12 03:45:14.250000",56177890,7
"U005","5%",742801,950,13.991,"NO","KAP12_U005_S742801_950.csv","2026-09-12 03:45:46.347000",56177896,7
"U005","5%",742801,1000,18.655,"NO","KAP12_U005_S742801_1000.csv","2026-09-12 03:46:18.537000",56177902,7
"U005","5%",742801,1050,20.321,"SI","KAP12_U005_S742801_1050.csv","2026-09-12 03:46:50.563000",56177911,7
"U005","5%",742801,1100,19.571,"NO","KAP12_U005_S742801_1100.csv","2026-09-12 03:47:22.717000",56177918,7
"U005","5%",742801,1150,18.322,"NO","KAP12_U005_S742801_1150.csv","2026-09-12 03:47:54.903000",56177926,7
"U005","5%",742801,1200,17.239,"NO","KAP12_U005_S742801_1200.csv","2026-09-12 03:48:27.033000",56177934,7
"U005","5%",742801,1250,16.156,"NO","KAP12_U005_S742801_1250.csv","2026-09-12 03:48:59.210000",56177947,7
"U005","5%",742801,1300,18.238,"NO","KAP12_U005_S742801_1300.csv","2026-09-12 03:49:31.303000",56177954,7
"U001","1%",742801,800,17.822,"NO","KAP12_U001_S742801_800.csv","2026-09-12 03:51:46.503000",56177989,7
"U001","1%",742801,850,16.49,"NO","KAP12_U001_S742801_850.csv","2026-09-12 03:52:18.637000",56177995,7
"U001","1%",742801,900,15.49,"NO","KAP12_U001_S742801_900.csv","2026-09-12 03:52:50.807000",56178003,7
"U001","1%",742801,950,13.741,"NO","KAP12_U001_S742801_950.csv","2026-09-12 03:53:22.933000",56178018,7
"U001","1%",742801,1000,15.657,"NO","KAP12_U001_S742801_1000.csv","2026-09-12 03:53:55.007000",56178029,7
"U001","1%",742801,1050,17.489,"NO","KAP12_U001_S742801_1050.csv","2026-09-12 03:54:27.123000",56178038,7
"U001","1%",742801,1100,15.99,"NO","KAP12_U001_S742801_1100.csv","2026-09-12 03:54:59.300000",56178048,7
"U001","1%",742801,1150,14.824,"NO","KAP12_U001_S742801_1150.csv","2026-09-12 03:55:31.323000",56178056,7
"U001","1%",742801,1200,13.908,"NO","KAP12_U001_S742801_1200.csv","2026-09-12 03:56:03.623000",56178067,7
"U001","1%",742801,1250,12.575,"NO","KAP12_U001_S742801_1250.csv","2026-09-12 03:56:35.890000",56178075,7
"U001","1%",742801,1300,17.989,"SI","KAP12_U001_S742801_1300.csv","2026-09-12 03:57:07.993000",56178081,7
"B100","100%",119993,800,18.072,"NO","KAP12_B100_S119993_800.csv","2026-09-09 21:00:10.660000",56130876,8
"B100","100%",119993,850,17.156,"NO","KAP12_B100_S119993_850.csv","2026-09-09 21:00:42.620000",56130881,8
"B100","100%",119993,900,19.155,"NO","KAP12_B100_S119993_900.csv","2026-09-09 21:01:14.640000",56130885,8
"B100","100%",119993,950,21.07,"SI","KAP12_B100_S119993_950.csv","2026-09-09 21:01:46.613000",56130892,8
"B100","100%",119993,1000,19.321,"NO","KAP12_B100_S119993_1000.csv","2026-09-09 21:02:18.617000",56130900,8
"B100","100%",119993,1050,18.072,"NO","KAP12_B100_S119993_1050.csv","2026-09-09 21:02:50.600000",56130908,8
"B100","100%",119993,1100,16.906,"NO","KAP12_B100_S119993_1100.csv","2026-09-09 21:03:22.583000",56130912,8
"B100","100%",119993,1150,15.657,"NO","KAP12_B100_S119993_1150.csv","2026-09-09 21:03:54.557000",56130921,8
"B100","100%",119993,1200,14.657,"NO","KAP12_B100_S119993_1200.csv","2026-09-09 21:04:26.517000",56130925,8
"B100","100%",119993,1250,16.906,"NO","KAP12_B100_S119993_1250.csv","2026-09-09 21:04:58.513000",56130932,8
"B100","100%",119993,1300,15.657,"NO","KAP12_B100_S119993_1300.csv","2026-09-09 21:05:30.457000",56130940,8
"U040","40%",119993,800,18.072,"NO","KAP12_U040_S119993_800.csv","2026-09-09 23:47:21.170000",56132577,8
"U040","40%",119993,850,16.823,"NO","KAP12_U040_S119993_850.csv","2026-09-09 23:47:53.130000",56132584,8
"U040","40%",119993,900,19.155,"NO","KAP12_U040_S119993_900.csv","2026-09-09 23:48:25.020000",56132589,8
"U040","40%",119993,950,18.155,"NO","KAP12_U040_S119993_950.csv","2026-09-09 23:48:56.877000",56132597,8
"U040","40%",119993,1000,19.821,"SI","KAP12_U040_S119993_1000.csv","2026-09-09 23:49:28.830000",56132604,8
"U040","40%",119993,1050,18.155,"NO","KAP12_U040_S119993_1050.csv","2026-09-09 23:50:00.740000",56132612,8
"U040","40%",119993,1100,17.073,"NO","KAP12_U040_S119993_1100.csv","2026-09-09 23:50:32.757000",56132624,8
"U040","40%",119993,1150,16.156,"NO","KAP12_U040_S119993_1150.csv","2026-09-09 23:51:04.770000",56132631,8
"U040","40%",119993,1200,14.491,"NO","KAP12_U040_S119993_1200.csv","2026-09-09 23:51:36.687000",56132642,8
"U040","40%",119993,1250,16.573,"NO","KAP12_U040_S119993_1250.csv","2026-09-09 23:52:08.673000",56132656,8
"U040","40%",119993,1300,15.49,"NO","KAP12_U040_S119993_1300.csv","2026-09-09 23:52:40.593000",56132664,8
"U010","10%",119993,800,18.072,"NO","KAP12_U010_S119993_800.csv","2026-09-10 19:07:44.503000",56150270,8
"U010","10%",119993,850,17.156,"NO","KAP12_U010_S119993_850.csv","2026-09-10 19:08:16.707000",56150275,8
"U010","10%",119993,900,15.74,"NO","KAP12_U010_S119993_900.csv","2026-09-10 19:08:48.730000",56150283,8
"U010","10%",119993,950,13.991,"NO","KAP12_U010_S119993_950.csv","2026-09-10 19:09:20.817000",56150287,8
"U010","10%",119993,1000,16.24,"NO","KAP12_U010_S119993_1000.csv","2026-09-10 19:09:52.863000",56150296,8
"U010","10%",119993,1050,17.989,"NO","KAP12_U010_S119993_1050.csv","2026-09-10 19:10:24.847000",56150301,8
"U010","10%",119993,1100,20.071,"NO","KAP12_U010_S119993_1100.csv","2026-09-10 19:10:56.950000",56150306,8
"U010","10%",119993,1150,21.82,"SI","KAP12_U010_S119993_1150.csv","2026-09-10 19:11:29.063000",56150311,8
"U010","10%",119993,1200,20.987,"NO","KAP12_U010_S119993_1200.csv","2026-09-10 19:12:01.337000",56150321,8
"U010","10%",119993,1250,19.404,"NO","KAP12_U010_S119993_1250.csv","2026-09-10 19:12:34.213000",56150326,8
"U010","10%",119993,1300,18.405,"NO","KAP12_U010_S119993_1300.csv","2026-09-10 19:13:06.297000",56150333,8
"U005","5%",119993,800,20.82,"NO","KAP12_U005_S119993_800.csv","2026-09-11 14:42:23.950000",56167378,8
"U005","5%",119993,850,22.986,"SI","KAP12_U005_S119993_850.csv","2026-09-11 14:42:56.050000",56167387,8
"U005","5%",119993,900,22.153,"NO","KAP12_U005_S119993_900.csv","2026-09-11 14:43:28.113000",56167400,8
"U005","5%",119993,950,21.07,"NO","KAP12_U005_S119993_950.csv","2026-09-11 14:44:00.167000",56167409,8
"U005","5%",119993,1000,19.404,"NO","KAP12_U005_S119993_1000.csv","2026-09-11 14:44:32.280000",56167417,8
"U005","5%",119993,1050,18.238,"NO","KAP12_U005_S119993_1050.csv","2026-09-11 14:45:04.270000",56167426,8
"U005","5%",119993,1100,16.989,"NO","KAP12_U005_S119993_1100.csv","2026-09-11 14:45:36.247000",56167434,8
"U005","5%",119993,1150,15.49,"NO","KAP12_U005_S119993_1150.csv","2026-09-11 14:46:08.360000",56167442,8
"U005","5%",119993,1200,17.572,"NO","KAP12_U005_S119993_1200.csv","2026-09-11 14:46:40.580000",56167453,8
"U005","5%",119993,1250,16.156,"NO","KAP12_U005_S119993_1250.csv","2026-09-11 14:47:12.527000",56167471,8
"U005","5%",119993,1300,18.405,"NO","KAP12_U005_S119993_1300.csv","2026-09-11 14:47:44.577000",56167479,8
"U001","1%",119993,800,17.989,"NO","KAP12_U001_S119993_800.csv","2026-09-11 18:19:55.940000",56170849,8
"U001","1%",119993,850,16.989,"NO","KAP12_U001_S119993_850.csv","2026-09-11 18:20:27.927000",56170856,8
"U001","1%",119993,900,19.404,"NO","KAP12_U001_S119993_900.csv","2026-09-11 18:20:59.890000",56170859,8
"U001","1%",119993,950,21.32,"SI","KAP12_U001_S119993_950.csv","2026-09-11 18:21:31.853000",56170866,8
"U001","1%",119993,1000,19.404,"NO","KAP12_U001_S119993_1000.csv","2026-09-11 18:22:03.940000",56170884,8
"U001","1%",119993,1050,18.072,"NO","KAP12_U001_S119993_1050.csv","2026-09-11 18:22:36.003000",56170889,8
"U001","1%",119993,1100,17.073,"NO","KAP12_U001_S119993_1100.csv","2026-09-11 18:23:44.780000",56170907,8
"U001","1%",119993,1150,15.823,"NO","KAP12_U001_S119993_1150.csv","2026-09-11 18:24:16.693000",56170915,8
"U001","1%",119993,1200,14.741,"NO","KAP12_U001_S119993_1200.csv","2026-09-11 18:24:48.627000",56170924,8
"U001","1%",119993,1250,13.491,"NO","KAP12_U001_S119993_1250.csv","2026-09-11 18:25:20.580000",56170930,8
"U001","1%",119993,1300,15.157,"NO","KAP12_U001_S119993_1300.csv","2026-09-11 18:25:52.737000",56170937,8
"B100","100%",299993,800,24.068,"SI","KAP12_B100_S299993_800.csv","2026-09-09 21:27:09.217000",56131120,9
"B100","100%",299993,850,23.069,"NO","KAP12_B100_S299993_850.csv","2026-09-09 21:27:41.290000",56131132,9
"B100","100%",299993,900,21.903,"NO","KAP12_B100_S299993_900.csv","2026-09-09 21:28:13.253000",56131139,9
"B100","100%",299993,950,20.321,"NO","KAP12_B100_S299993_950.csv","2026-09-09 21:28:45.130000",56131141,9
"B100","100%",299993,1000,21.903,"NO","KAP12_B100_S299993_1000.csv","2026-09-09 21:29:17.047000",56131148,9
"B100","100%",299993,1050,21.07,"NO","KAP12_B100_S299993_1050.csv","2026-09-09 21:29:48.953000",56131157,9
"B100","100%",299993,1100,20.237,"NO","KAP12_B100_S299993_1100.csv","2026-09-09 21:30:20.967000",56131159,9
"B100","100%",299993,1150,19.155,"NO","KAP12_B100_S299993_1150.csv","2026-09-09 21:30:52.933000",56131164,9
"B100","100%",299993,1200,17.905,"NO","KAP12_B100_S299993_1200.csv","2026-09-09 21:31:24.813000",56131169,9
"B100","100%",299993,1250,16.323,"NO","KAP12_B100_S299993_1250.csv","2026-09-09 21:31:56.707000",56131176,9
"B100","100%",299993,1300,15.157,"NO","KAP12_B100_S299993_1300.csv","2026-09-09 21:32:28.663000",56131186,9
"U040","40%",299993,800,24.235,"SI","KAP12_U040_S299993_800.csv","2026-09-10 00:02:11.217000",56132934,9
"U040","40%",299993,850,22.986,"NO","KAP12_U040_S299993_850.csv","2026-09-10 00:02:43.263000",56132964,9
"U040","40%",299993,900,21.986,"NO","KAP12_U040_S299993_900.csv","2026-09-10 00:03:15.327000",56133005,9
"U040","40%",299993,950,20.071,"NO","KAP12_U040_S299993_950.csv","2026-09-10 00:03:47.183000",56133040,9
"U040","40%",299993,1000,21.903,"NO","KAP12_U040_S299993_1000.csv","2026-09-10 00:04:19.003000",56133066,9
"U040","40%",299993,1050,20.987,"NO","KAP12_U040_S299993_1050.csv","2026-09-10 00:04:51.020000",56133090,9
"U040","40%",299993,1100,20.237,"NO","KAP12_U040_S299993_1100.csv","2026-09-10 00:05:22.827000",56133119,9
"U040","40%",299993,1150,19.071,"NO","KAP12_U040_S299993_1150.csv","2026-09-10 00:05:54.807000",56133132,9
"U040","40%",299993,1200,17.739,"NO","KAP12_U040_S299993_1200.csv","2026-09-10 00:06:26.700000",56133151,9
"U040","40%",299993,1250,16.406,"NO","KAP12_U040_S299993_1250.csv","2026-09-10 00:06:58.810000",56133170,9
"U040","40%",299993,1300,15.24,"NO","KAP12_U040_S299993_1300.csv","2026-09-10 00:07:30.730000",56133190,9
"U010","10%",299993,800,17.655,"NO","KAP12_U010_S299993_800.csv","2026-09-10 19:18:52.707000",56150403,9
"U010","10%",299993,850,16.24,"NO","KAP12_U010_S299993_850.csv","2026-09-10 19:19:24.650000",56150405,9
"U010","10%",299993,900,17.739,"NO","KAP12_U010_S299993_900.csv","2026-09-10 19:19:56.593000",56150410,9
"U010","10%",299993,950,20.154,"SI","KAP12_U010_S299993_950.csv","2026-09-10 19:20:28.533000",56150421,9
"U010","10%",299993,1000,19.071,"NO","KAP12_U010_S299993_1000.csv","2026-09-10 19:21:00.520000",56150428,9
"U010","10%",299993,1050,18.072,"NO","KAP12_U010_S299993_1050.csv","2026-09-10 19:21:32.530000",56150434,9
"U010","10%",299993,1100,16.906,"NO","KAP12_U010_S299993_1100.csv","2026-09-10 19:22:04.633000",56150440,9
"U010","10%",299993,1150,18.905,"NO","KAP12_U010_S299993_1150.csv","2026-09-10 19:22:36.783000",56150453,9
"U010","10%",299993,1200,17.572,"NO","KAP12_U010_S299993_1200.csv","2026-09-10 19:23:08.787000",56150458,9
"U010","10%",299993,1250,16.323,"NO","KAP12_U010_S299993_1250.csv","2026-09-10 19:23:40.943000",56150463,9
"U010","10%",299993,1300,14.657,"NO","KAP12_U010_S299993_1300.csv","2026-09-10 19:24:13.140000",56150468,9
"U005","5%",299993,800,17.655,"NO","KAP12_U005_S299993_800.csv","2026-09-11 17:39:30.897000",56170152,9
"U005","5%",299993,850,16.24,"NO","KAP12_U005_S299993_850.csv","2026-09-11 17:40:03.107000",56170160,9
"U005","5%",299993,900,14.824,"NO","KAP12_U005_S299993_900.csv","2026-09-11 17:40:35.103000",56170171,9
"U005","5%",299993,950,17.156,"NO","KAP12_U005_S299993_950.csv","2026-09-11 17:41:07.183000",56170183,9
"U005","5%",299993,1000,19.321,"SI","KAP12_U005_S299993_1000.csv","2026-09-11 17:41:39.360000",56170199,9
"U005","5%",299993,1050,17.989,"NO","KAP12_U005_S299993_1050.csv","2026-09-11 17:42:11.437000",56170217,9
"U005","5%",299993,1100,16.739,"NO","KAP12_U005_S299993_1100.csv","2026-09-11 17:42:43.467000",56170224,9
"U005","5%",299993,1150,15.573,"NO","KAP12_U005_S299993_1150.csv","2026-09-11 17:43:15.507000",56170237,9
"U005","5%",299993,1200,14.241,"NO","KAP12_U005_S299993_1200.csv","2026-09-11 17:43:47.353000",56170247,9
"U005","5%",299993,1250,16.156,"NO","KAP12_U005_S299993_1250.csv","2026-09-11 17:44:19.400000",56170258,9
"U005","5%",299993,1300,14.741,"NO","KAP12_U005_S299993_1300.csv","2026-09-11 17:44:51.383000",56170268,9
"U001","1%",299993,800,24.318,"SI","KAP12_U001_S299993_800.csv","2026-09-11 18:29:36.960000",56170976,9
"U001","1%",299993,850,23.069,"NO","KAP12_U001_S299993_850.csv","2026-09-11 18:30:08.993000",56170988,9
"U001","1%",299993,900,21.736,"NO","KAP12_U001_S299993_900.csv","2026-09-11 18:30:40.997000",56170994,9
"U001","1%",299993,950,20.154,"NO","KAP12_U001_S299993_950.csv","2026-09-11 18:31:13.150000",56170999,9
"U001","1%",299993,1000,21.986,"NO","KAP12_U001_S299993_1000.csv","2026-09-11 18:31:45.187000",56171007,9
"U001","1%",299993,1050,21.07,"NO","KAP12_U001_S299993_1050.csv","2026-09-11 18:32:17.210000",56171011,9
"U001","1%",299993,1100,20.154,"NO","KAP12_U001_S299993_1100.csv","2026-09-11 18:32:49.233000",56171019,9
"U001","1%",299993,1150,19.155,"NO","KAP12_U001_S299993_1150.csv","2026-09-11 18:33:21.170000",56171023,9
"U001","1%",299993,1200,17.905,"NO","KAP12_U001_S299993_1200.csv","2026-09-11 18:33:53.107000",56171027,9
"U001","1%",299993,1250,16.323,"NO","KAP12_U001_S299993_1250.csv","2026-09-11 18:34:25.280000",56171032,9
"U001","1%",299993,1300,18.322,"NO","KAP12_U001_S299993_1300.csv","2026-09-11 18:34:57.463000",56171038,9
"B100","100%",480013,800,20.737,"NO","KAP12_B100_S480013_800.csv","2026-09-09 21:46:39.793000",56131320,10
"B100","100%",480013,850,22.486,"SI","KAP12_B100_S480013_850.csv","2026-09-09 21:47:11.740000",56131328,10
"B100","100%",480013,900,21.57,"NO","KAP12_B100_S480013_900.csv","2026-09-09 21:47:43.657000",56131340,10
"B100","100%",480013,950,20.654,"NO","KAP12_B100_S480013_950.csv","2026-09-09 21:48:15.597000",56131346,10
"B100","100%",480013,1000,19.321,"NO","KAP12_B100_S480013_1000.csv","2026-09-09 21:48:47.620000",56131353,10
"B100","100%",480013,1050,18.738,"NO","KAP12_B100_S480013_1050.csv","2026-09-09 21:49:19.557000",56131359,10
"B100","100%",480013,1100,17.156,"NO","KAP12_B100_S480013_1100.csv","2026-09-09 21:49:51.740000",56131363,10
"B100","100%",480013,1150,15.407,"NO","KAP12_B100_S480013_1150.csv","2026-09-09 21:50:24.273000",56131369,10
"B100","100%",480013,1200,14.074,"NO","KAP12_B100_S480013_1200.csv","2026-09-09 21:50:56.637000",56131372,10
"B100","100%",480013,1250,16.156,"NO","KAP12_B100_S480013_1250.csv","2026-09-09 21:51:28.830000",56131377,10
"B100","100%",480013,1300,14.824,"NO","KAP12_B100_S480013_1300.csv","2026-09-09 21:52:01.270000",56131385,10
"U040","40%",480013,800,21.153,"SI","KAP12_U040_S480013_800.csv","2026-09-10 18:17:31.223000",56149675,10
"U040","40%",480013,850,19.821,"NO","KAP12_U040_S480013_850.csv","2026-09-10 18:18:03.293000",56149678,10
"U040","40%",480013,900,18.738,"NO","KAP12_U040_S480013_900.csv","2026-09-10 18:18:35.353000",56149687,10
"U040","40%",480013,950,20.487,"NO","KAP12_U040_S480013_950.csv","2026-09-10 18:19:07.470000",56149693,10
"U040","40%",480013,1000,19.238,"NO","KAP12_U040_S480013_1000.csv","2026-09-10 18:19:39.583000",56149700,10
"U040","40%",480013,1050,17.322,"NO","KAP12_U040_S480013_1050.csv","2026-09-10 18:20:11.790000",56149705,10
"U040","40%",480013,1100,16.49,"NO","KAP12_U040_S480013_1100.csv","2026-09-10 18:20:43.817000",56149713,10
"U040","40%",480013,1150,14.99,"NO","KAP12_U040_S480013_1150.csv","2026-09-10 18:21:15.873000",56149717,10
"U040","40%",480013,1200,13.824,"NO","KAP12_U040_S480013_1200.csv","2026-09-10 18:21:48.060000",56149722,10
"U040","40%",480013,1250,12.325,"NO","KAP12_U040_S480013_1250.csv","2026-09-10 18:22:20.200000",56149727,10
"U040","40%",480013,1300,14.657,"NO","KAP12_U040_S480013_1300.csv","2026-09-10 18:22:52.363000",56149733,10
"U010","10%",480013,800,17.989,"NO","KAP12_U010_S480013_800.csv","2026-09-10 19:29:40.373000",56150549,10
"U010","10%",480013,850,19.987,"SI","KAP12_U010_S480013_850.csv","2026-09-10 19:30:12.453000",56150557,10
"U010","10%",480013,900,18.238,"NO","KAP12_U010_S480013_900.csv","2026-09-10 19:30:44.470000",56150561,10
"U010","10%",480013,950,16.656,"NO","KAP12_U010_S480013_950.csv","2026-09-10 19:31:16.463000",56150571,10
"U010","10%",480013,1000,18.655,"NO","KAP12_U010_S480013_1000.csv","2026-09-10 19:31:48.430000",56150579,10
"U010","10%",480013,1050,17.239,"NO","KAP12_U010_S480013_1050.csv","2026-09-10 19:32:20.477000",56150587,10
"U010","10%",480013,1100,16.073,"NO","KAP12_U010_S480013_1100.csv","2026-09-10 19:32:52.460000",56150592,10
"U010","10%",480013,1150,14.657,"NO","KAP12_U010_S480013_1150.csv","2026-09-10 19:33:24.430000",56150599,10
"U010","10%",480013,1200,13.658,"NO","KAP12_U010_S480013_1200.csv","2026-09-10 19:33:56.410000",56150605,10
"U010","10%",480013,1250,11.992,"NO","KAP12_U010_S480013_1250.csv","2026-09-10 19:34:28.507000",56150610,10
"U010","10%",480013,1300,11.243,"NO","KAP12_U010_S480013_1300.csv","2026-09-10 19:35:00.607000",56150615,10
"U005","5%",480013,800,14.407,"NO","KAP12_U005_S480013_800.csv","2026-09-11 17:49:43.110000",56170359,10
"U005","5%",480013,850,12.825,"NO","KAP12_U005_S480013_850.csv","2026-09-11 17:50:15.217000",56170373,10
"U005","5%",480013,900,17.989,"NO","KAP12_U005_S480013_900.csv","2026-09-11 17:50:47.087000",56170385,10
"U005","5%",480013,950,20.404,"SI","KAP12_U005_S480013_950.csv","2026-09-11 17:51:19.043000",56170394,10
"U005","5%",480013,1000,19.321,"NO","KAP12_U005_S480013_1000.csv","2026-09-11 17:51:51.013000",56170407,10
"U005","5%",480013,1050,18.238,"NO","KAP12_U005_S480013_1050.csv","2026-09-11 17:52:23.147000",56170423,10
"U005","5%",480013,1100,17.239,"NO","KAP12_U005_S480013_1100.csv","2026-09-11 17:52:55.217000",56170431,10
"U005","5%",480013,1150,18.821,"NO","KAP12_U005_S480013_1150.csv","2026-09-11 17:53:27.123000",56170437,10
"U005","5%",480013,1200,16.989,"NO","KAP12_U005_S480013_1200.csv","2026-09-11 17:53:59.167000",56170451,10
"U005","5%",480013,1250,15.573,"NO","KAP12_U005_S480013_1250.csv","2026-09-11 17:54:31.300000",56170463,10
"U005","5%",480013,1300,14.491,"NO","KAP12_U005_S480013_1300.csv","2026-09-11 17:55:03.427000",56170470,10
"U001","1%",480013,800,14.324,"NO","KAP12_U001_S480013_800.csv","2026-09-11 18:39:13.827000",56171109,10
"U001","1%",480013,850,16.073,"NO","KAP12_U001_S480013_850.csv","2026-09-11 18:39:45.797000",56171118,10
"U001","1%",480013,900,17.822,"NO","KAP12_U001_S480013_900.csv","2026-09-11 18:40:17.770000",56171123,10
"U001","1%",480013,950,16.989,"NO","KAP12_U001_S480013_950.csv","2026-09-11 18:40:49.917000",56171135,10
"U001","1%",480013,1000,18.988,"NO","KAP12_U001_S480013_1000.csv","2026-09-11 18:41:21.923000",56171148,10
"U001","1%",480013,1050,17.989,"NO","KAP12_U001_S480013_1050.csv","2026-09-11 18:41:53.940000",56171155,10
"U001","1%",480013,1100,20.237,"SI","KAP12_U001_S480013_1100.csv","2026-09-11 18:42:25.920000",56171159,10
"U001","1%",480013,1150,18.405,"NO","KAP12_U001_S480013_1150.csv","2026-09-11 18:42:57.953000",56171163,10
"U001","1%",480013,1200,16.823,"NO","KAP12_U001_S480013_1200.csv","2026-09-11 18:43:29.897000",56171168,10
"U001","1%",480013,1250,15.657,"NO","KAP12_U001_S480013_1250.csv","2026-09-11 18:44:01.913000",56171179,10
"U001","1%",480013,1300,14.657,"NO","KAP12_U001_S480013_1300.csv","2026-09-11 18:44:33.923000",56171185,10
"B100","100%",659999,800,10.743,"NO","KAP12_B100_S659999_800.csv","2026-09-09 22:27:05.783000",56131820,11
"B100","100%",659999,850,9.744,"NO","KAP12_B100_S659999_850.csv","2026-09-09 22:27:37.920000",56131825,11
"B100","100%",659999,900,12.076,"NO","KAP12_B100_S659999_900.csv","2026-09-09 22:28:09.940000",56131832,11
"B100","100%",659999,950,13.908,"NO","KAP12_B100_S659999_950.csv","2026-09-09 22:28:41.867000",56131836,11
"B100","100%",659999,1000,18.905,"NO","KAP12_B100_S659999_1000.csv","2026-09-09 22:29:13.890000",56131840,11
"B100","100%",659999,1050,20.987,"SI","KAP12_B100_S659999_1050.csv","2026-09-09 22:29:45.810000",56131843,11
"B100","100%",659999,1100,19.987,"NO","KAP12_B100_S659999_1100.csv","2026-09-09 22:30:17.760000",56131845,11
"B100","100%",659999,1150,18.821,"NO","KAP12_B100_S659999_1150.csv","2026-09-09 22:30:49.657000",56131849,11
"B100","100%",659999,1200,17.322,"NO","KAP12_B100_S659999_1200.csv","2026-09-09 22:31:21.623000",56131855,11
"B100","100%",659999,1250,15.99,"NO","KAP12_B100_S659999_1250.csv","2026-09-09 22:31:53.607000",56131864,11
"B100","100%",659999,1300,14.074,"NO","KAP12_B100_S659999_1300.csv","2026-09-09 22:32:25.553000",56131867,11
"U040","40%",659999,800,14.241,"NO","KAP12_U040_S659999_800.csv","2026-09-10 18:34:58.583000",56149865,11
"U040","40%",659999,850,13.325,"NO","KAP12_U040_S659999_850.csv","2026-09-10 18:35:30.677000",56149873,11
"U040","40%",659999,900,15.157,"NO","KAP12_U040_S659999_900.csv","2026-09-10 18:36:02.787000",56149880,11
"U040","40%",659999,950,17.156,"NO","KAP12_U040_S659999_950.csv","2026-09-10 18:36:34.833000",56149883,11
"U040","40%",659999,1000,15.823,"NO","KAP12_U040_S659999_1000.csv","2026-09-10 18:37:06.973000",56149887,11
"U040","40%",659999,1050,14.407,"NO","KAP12_U040_S659999_1050.csv","2026-09-10 18:37:38.970000",56149898,11
"U040","40%",659999,1100,12.659,"NO","KAP12_U040_S659999_1100.csv","2026-09-10 18:38:11.033000",56149902,11
"U040","40%",659999,1150,11.576,"NO","KAP12_U040_S659999_1150.csv","2026-09-10 18:38:43.097000",56149910,11
"U040","40%",659999,1200,13.491,"NO","KAP12_U040_S659999_1200.csv","2026-09-10 18:39:15.247000",56149919,11
"U040","40%",659999,1250,19.071,"NO","KAP12_U040_S659999_1250.csv","2026-09-10 18:39:47.317000",56149929,11
"U040","40%",659999,1300,21.32,"SI","KAP12_U040_S659999_1300.csv","2026-09-10 18:40:19.413000",56149939,11
"U010","10%",659999,800,10.327,"NO","KAP12_U010_S659999_800.csv","2026-09-10 19:40:01.437000",56150679,11
"U010","10%",659999,850,12.742,"NO","KAP12_U010_S659999_850.csv","2026-09-10 19:40:33.387000",56150690,11
"U010","10%",659999,900,14.99,"NO","KAP12_U010_S659999_900.csv","2026-09-10 19:41:05.283000",56150698,11
"U010","10%",659999,950,13.741,"NO","KAP12_U010_S659999_950.csv","2026-09-10 19:41:37.337000",56150703,11
"U010","10%",659999,1000,15.49,"NO","KAP12_U010_S659999_1000.csv","2026-09-10 19:42:09.293000",56150709,11
"U010","10%",659999,1050,20.987,"NO","KAP12_U010_S659999_1050.csv","2026-09-10 19:42:41.410000",56150717,11
"U010","10%",659999,1100,22.819,"SI","KAP12_U010_S659999_1100.csv","2026-09-10 19:43:13.600000",56150720,11
"U010","10%",659999,1150,21.736,"NO","KAP12_U010_S659999_1150.csv","2026-09-10 19:43:45.500000",56150729,11
"U010","10%",659999,1200,20.57,"NO","KAP12_U010_S659999_1200.csv","2026-09-10 19:44:17.543000",56150734,11
"U010","10%",659999,1250,19.738,"NO","KAP12_U010_S659999_1250.csv","2026-09-10 19:44:49.593000",56150742,11
"U010","10%",659999,1300,18.572,"NO","KAP12_U010_S659999_1300.csv","2026-09-10 19:45:21.787000",56150750,11
"U005","5%",659999,800,10.91,"NO","KAP12_U005_S659999_800.csv","2026-09-11 18:00:04.230000",56170543,11
"U005","5%",659999,850,9.827,"NO","KAP12_U005_S659999_850.csv","2026-09-11 18:00:36.220000",56170553,11
"U005","5%",659999,900,11.992,"NO","KAP12_U005_S659999_900.csv","2026-09-11 18:01:08.240000",56170563,11
"U005","5%",659999,950,13.824,"NO","KAP12_U005_S659999_950.csv","2026-09-11 18:01:40.323000",56170580,11
"U005","5%",659999,1000,15.74,"NO","KAP12_U005_S659999_1000.csv","2026-09-11 18:02:12.677000",56170590,11
"U005","5%",659999,1050,17.655,"NO","KAP12_U005_S659999_1050.csv","2026-09-11 18:02:44.720000",56170602,11
"U005","5%",659999,1100,19.904,"SI","KAP12_U005_S659999_1100.csv","2026-09-11 18:03:17.410000",56170609,11
"U005","5%",659999,1150,18.738,"NO","KAP12_U005_S659999_1150.csv","2026-09-11 18:03:49.520000",56170618,11
"U005","5%",659999,1200,17.406,"NO","KAP12_U005_S659999_1200.csv","2026-09-11 18:04:21.463000",56170624,11
"U005","5%",659999,1250,15.907,"NO","KAP12_U005_S659999_1250.csv","2026-09-11 18:04:53.417000",56170629,11
"U005","5%",659999,1300,17.406,"NO","KAP12_U005_S659999_1300.csv","2026-09-11 18:05:25.463000",56170637,11
"U001","1%",659999,800,10.993,"NO","KAP12_U001_S659999_800.csv","2026-09-11 18:54:09.983000",56171275,11
"U001","1%",659999,850,15.74,"SI","KAP12_U001_S659999_850.csv","2026-09-11 18:54:42.307000",56171283,11
"U001","1%",659999,900,14.741,"NO","KAP12_U001_S659999_900.csv","2026-09-11 18:55:14.570000",56171293,11
"U001","1%",659999,950,13.491,"NO","KAP12_U001_S659999_950.csv","2026-09-11 18:55:46.853000",56171299,11
"U001","1%",659999,1000,12.159,"NO","KAP12_U001_S659999_1000.csv","2026-09-11 18:56:19.077000",56171310,11
"U001","1%",659999,1050,10.493,"NO","KAP12_U001_S659999_1050.csv","2026-09-11 18:56:51.243000",56171317,11
"U001","1%",659999,1100,9.244,"NO","KAP12_U001_S659999_1100.csv","2026-09-11 18:57:23.457000",56171320,11
"U001","1%",659999,1150,11.742,"NO","KAP12_U001_S659999_1150.csv","2026-09-11 18:57:55.373000",56171325,11
"U001","1%",659999,1200,10.993,"NO","KAP12_U001_S659999_1200.csv","2026-09-11 18:58:27.630000",56171329,11
"U001","1%",659999,1250,13.158,"NO","KAP12_U001_S659999_1250.csv","2026-09-11 18:58:59.687000",56171336,11
"U001","1%",659999,1300,11.992,"NO","KAP12_U001_S659999_1300.csv","2026-09-11 18:59:31.703000",56171341,11
"B100","100%",839999,800,17.739,"NO","KAP12_B100_S839999_800.csv","2026-09-09 22:42:15.260000",56131953,12
"B100","100%",839999,850,19.404,"SI","KAP12_B100_S839999_850.csv","2026-09-09 22:42:47.170000",56131956,12
"B100","100%",839999,900,18.322,"NO","KAP12_B100_S839999_900.csv","2026-09-09 22:43:19.130000",56131959,12
"B100","100%",839999,950,16.989,"NO","KAP12_B100_S839999_950.csv","2026-09-09 22:43:51.023000",56131966,12
"B100","100%",839999,1000,15.907,"NO","KAP12_B100_S839999_1000.csv","2026-09-09 22:44:23.150000",56131970,12
"B100","100%",839999,1050,17.572,"NO","KAP12_B100_S839999_1050.csv","2026-09-09 22:44:55.107000",56131974,12
"B100","100%",839999,1100,16.323,"NO","KAP12_B100_S839999_1100.csv","2026-09-09 22:45:27.067000",56131983,12
"B100","100%",839999,1150,15.324,"NO","KAP12_B100_S839999_1150.csv","2026-09-09 22:45:59.103000",56131990,12
"B100","100%",839999,1200,14.158,"NO","KAP12_B100_S839999_1200.csv","2026-09-09 22:46:31.003000",56131996,12
"B100","100%",839999,1250,16.323,"NO","KAP12_B100_S839999_1250.csv","2026-09-09 22:47:03.090000",56132001,12
"B100","100%",839999,1300,15.407,"NO","KAP12_B100_S839999_1300.csv","2026-09-09 22:47:34.997000",56132007,12
"U040","40%",839999,800,14.407,"NO","KAP12_U040_S839999_800.csv","2026-09-10 18:50:01.223000",56150084,12
"U040","40%",839999,850,16.156,"NO","KAP12_U040_S839999_850.csv","2026-09-10 18:50:33.337000",56150089,12
"U040","40%",839999,900,15.157,"NO","KAP12_U040_S839999_900.csv","2026-09-10 18:51:05.407000",56150095,12
"U040","40%",839999,950,17.239,"SI","KAP12_U040_S839999_950.csv","2026-09-10 18:51:37.377000",56150097,12
"U040","40%",839999,1000,15.657,"NO","KAP12_U040_S839999_1000.csv","2026-09-10 18:52:09.480000",56150100,12
"U040","40%",839999,1050,14.407,"NO","KAP12_U040_S839999_1050.csv","2026-09-10 18:52:41.540000",56150107,12
"U040","40%",839999,1100,16.656,"NO","KAP12_U040_S839999_1100.csv","2026-09-10 18:53:13.493000",56150116,12
"U040","40%",839999,1150,15.24,"NO","KAP12_U040_S839999_1150.csv","2026-09-10 18:53:45.493000",56150122,12
"U040","40%",839999,1200,14.657,"NO","KAP12_U040_S839999_1200.csv","2026-09-10 18:54:17.443000",56150128,12
"U040","40%",839999,1250,13.658,"NO","KAP12_U040_S839999_1250.csv","2026-09-10 18:54:49.613000",56150137,12
"U040","40%",839999,1300,15.823,"NO","KAP12_U040_S839999_1300.csv","2026-09-10 18:55:21.640000",56150141,12
"U010","10%",839999,800,14.657,"NO","KAP12_U010_S839999_800.csv","2026-09-10 19:52:26.657000",56150822,12
"U010","10%",839999,850,16.24,"NO","KAP12_U010_S839999_850.csv","2026-09-10 19:52:58.673000",56150826,12
"U010","10%",839999,900,18.322,"SI","KAP12_U010_S839999_900.csv","2026-09-10 19:53:30.637000",56150828,12
"U010","10%",839999,950,17.073,"NO","KAP12_U010_S839999_950.csv","2026-09-10 19:54:02.800000",56150835,12
"U010","10%",839999,1000,15.74,"NO","KAP12_U010_S839999_1000.csv","2026-09-10 19:54:34.740000",56150839,12
"U010","10%",839999,1050,17.989,"NO","KAP12_U010_S839999_1050.csv","2026-09-10 19:55:06.687000",56150844,12
"U010","10%",839999,1100,16.24,"NO","KAP12_U010_S839999_1100.csv","2026-09-10 19:55:38.793000",56150850,12
"U010","10%",839999,1150,15.324,"NO","KAP12_U010_S839999_1150.csv","2026-09-10 19:56:10.943000",56150854,12
"U010","10%",839999,1200,14.324,"NO","KAP12_U010_S839999_1200.csv","2026-09-10 19:56:43.117000",56150862,12
"U010","10%",839999,1250,12.908,"NO","KAP12_U010_S839999_1250.csv","2026-09-10 19:57:15.267000",56150866,12
"U010","10%",839999,1300,14.824,"NO","KAP12_U010_S839999_1300.csv","2026-09-10 19:57:47.337000",56150873,12
"U005","5%",839999,800,14.741,"NO","KAP12_U005_S839999_800.csv","2026-09-11 18:10:25.340000",56170713,12
"U005","5%",839999,850,16.156,"NO","KAP12_U005_S839999_850.csv","2026-09-11 18:10:57.483000",56170721,12
"U005","5%",839999,900,18.322,"SI","KAP12_U005_S839999_900.csv","2026-09-11 18:11:29.953000",56170729,12
"U005","5%",839999,950,16.989,"NO","KAP12_U005_S839999_950.csv","2026-09-11 18:12:01.873000",56170738,12
"U005","5%",839999,1000,15.823,"NO","KAP12_U005_S839999_1000.csv","2026-09-11 18:12:34.013000",56170747,12
"U005","5%",839999,1050,14.574,"NO","KAP12_U005_S839999_1050.csv","2026-09-11 18:13:06.050000",56170753,12
"U005","5%",839999,1100,16.406,"NO","KAP12_U005_S839999_1100.csv","2026-09-11 18:13:37.977000",56170769,12
"U005","5%",839999,1150,15.49,"NO","KAP12_U005_S839999_1150.csv","2026-09-11 18:14:09.953000",56170778,12
"U005","5%",839999,1200,14.407,"NO","KAP12_U005_S839999_1200.csv","2026-09-11 18:14:41.933000",56170781,12
"U005","5%",839999,1250,13.241,"NO","KAP12_U005_S839999_1250.csv","2026-09-11 18:15:13.937000",56170786,12
"U005","5%",839999,1300,14.824,"NO","KAP12_U005_S839999_1300.csv","2026-09-11 18:15:45.960000",56170794,12
"U001","1%",839999,800,17.739,"NO","KAP12_U001_S839999_800.csv","2026-09-12 01:36:21.450000",56175963,12
"U001","1%",839999,850,16.156,"NO","KAP12_U001_S839999_850.csv","2026-09-12 01:36:53.393000",56175973,12
"U001","1%",839999,900,18.072,"NO","KAP12_U001_S839999_900.csv","2026-09-12 01:37:25.440000",56175985,12
"U001","1%",839999,950,17.073,"NO","KAP12_U001_S839999_950.csv","2026-09-12 01:37:57.513000",56175991,12
"U001","1%",839999,1000,18.988,"SI","KAP12_U001_S839999_1000.csv","2026-09-12 01:38:29.513000",56175998,12
"U001","1%",839999,1050,17.989,"NO","KAP12_U001_S839999_1050.csv","2026-09-12 01:39:01.390000",56176004,12
"U001","1%",839999,1100,16.906,"NO","KAP12_U001_S839999_1100.csv","2026-09-12 01:39:33.333000",56176015,12
"U001","1%",839999,1150,15.573,"NO","KAP12_U001_S839999_1150.csv","2026-09-12 01:40:05.270000",56176020,12
"U001","1%",839999,1200,14.574,"NO","KAP12_U001_S839999_1200.csv","2026-09-12 01:40:37.290000",56176028,12
"U001","1%",839999,1250,13.658,"NO","KAP12_U001_S839999_1250.csv","2026-09-12 01:41:09.480000",56176034,12
"U001","1%",839999,1300,15.657,"NO","KAP12_U001_S839999_1300.csv","2026-09-12 01:41:41.570000",56176044,12
